APID,Vendor,InvoiceDate,DueDate,Amount,Currency,Status,PaidDate,Terms,invoice_month,invoice_dayofweek,is_weekend,amount_usd,anomaly,type
AP10000,BluePrints,2024-12-16,2025-01-15,344.25,EUR,Open,,Net 30,12,0,0,371.79,True,Anomaly
AP10001,BluePrints,2024-05-18,2024-06-17,3298.38,CAD,Partial,,Net 30,5,5,1,2407.8174,False,Normal
AP10002,Fast Travel,2024-02-25,2024-03-26,1023.43,GBP,Open,,Net 30,2,6,1,1279.2875,False,Normal
AP10003,ABC Supplies,2024-01-08,2024-02-07,4433.05,USD,Partial,,Net 30,1,0,0,4433.05,True,Anomaly
AP10004,ABC Supplies,2024-05-23,2024-06-22,4345.14,GBP,Partial,,Net 30,5,3,0,5431.425,False,Normal
AP10005,Fast Travel,2024-07-09,2024-08-08,1599.18,AUD,Open,,Net 30,7,1,0,1039.467,False,Normal
AP10006,BluePrints,2024-12-20,2025-01-19,894.13,USD,Open,,Net 30,12,4,0,894.13,False,Normal
AP10007,Fast Travel,2024-09-25,2024-10-25,1303.06,GBP,Paid,2024-10-25,Net 30,9,2,0,1628.8249999999998,False,Normal
AP10008,ABC Supplies,2024-02-12,2024-03-13,3481.8,CAD,Paid,2024-03-13,Net 30,2,0,0,2541.714,False,Normal
AP10009,ABC Supplies,2024-06-27,2024-07-27,217.97,USD,Open,,Net 30,6,3,0,217.97,False,Normal
AP10010,BluePrints,2024-03-09,2024-04-08,1809.07,EUR,Partial,,Net 30,3,5,1,1953.7956000000001,False,Normal
AP10011,BluePrints,2024-10-10,2024-11-09,884.1,USD,Open,,Net 30,10,3,0,884.1,False,Normal
AP10012,ABC Supplies,2023-05-19,2023-06-18,1491.7,GBP,Open,,Net 30,5,4,0,1864.625,False,Normal
AP10013,ABC Supplies,2023-11-19,2023-12-19,4212.17,AUD,Paid,2023-12-19,Net 30,11,6,1,2737.9105,False,Normal
AP10014,BluePrints,2024-05-05,2024-06-04,1632.82,GBP,Open,,Net 30,5,6,1,2041.0249999999999,False,Normal
AP10015,BluePrints,2023-06-04,2023-07-04,1887.67,EUR,Paid,2023-07-04,Net 30,6,6,1,2038.6836000000003,False,Normal
AP10016,BluePrints,2023-12-10,2024-01-09,1721.41,GBP,Open,,Net 30,12,6,1,2151.7625000000003,False,Normal
AP10017,Global Office,2024-12-30,2025-01-29,2941.63,USD,Open,,Net 30,12,0,0,2941.63,False,Normal
AP10018,Fast Travel,2024-06-27,2024-07-27,889.44,USD,Paid,2024-07-27,Net 30,6,3,0,889.44,False,Normal
AP10019,Fast Travel,2025-03-28,2025-04-27,1539.53,AUD,Partial,,Net 30,3,4,0,1000.6945000000001,False,Normal
AP10020,TechMart,2023-07-14,2023-08-13,996.27,AUD,Open,,Net 30,7,4,0,647.5755,False,Normal
AP10021,TechMart,2023-06-28,2023-07-28,2450.1,CAD,Partial,,Net 30,6,2,0,1788.5729999999999,False,Normal
AP10022,Global Office,2024-12-27,2025-01-26,797.8,CAD,Open,,Net 30,12,4,0,582.394,False,Normal
AP10023,BluePrints,2023-05-16,2023-06-15,4237.65,GBP,Partial,,Net 30,5,1,0,5297.0625,False,Normal
AP10024,Global Office,2023-09-30,2023-10-30,665.06,AUD,Open,,Net 30,9,5,1,432.289,False,Normal
AP10025,Global Office,2024-12-14,2025-01-13,3849.16,GBP,Partial,,Net 30,12,5,1,4811.45,False,Normal
AP10026,BluePrints,2023-07-17,2023-08-16,4411.88,CAD,Paid,2023-08-16,Net 30,7,0,0,3220.6724,False,Normal
AP10027,Fast Travel,2024-03-25,2024-04-24,296.65,USD,Paid,2024-04-24,Net 30,3,0,0,296.65,False,Normal
AP10028,TechMart,2024-10-28,2024-11-27,3099.8,GBP,Open,,Net 30,10,0,0,3874.75,False,Normal
AP10029,Global Office,2023-03-06,2023-04-05,4007.29,CAD,Open,,Net 30,3,0,0,2925.3217,False,Normal
AP10030,Fast Travel,2024-02-13,2024-03-14,2884.32,CAD,Partial,,Net 30,2,1,0,2105.5536,False,Normal
AP10031,Fast Travel,2023-03-15,2023-04-14,4830.24,EUR,Paid,2023-04-14,Net 30,3,2,0,5216.6592,False,Normal
AP10032,Global Office,2023-10-11,2023-11-10,4841.22,USD,Paid,2023-11-10,Net 30,10,2,0,4841.22,False,Normal
AP10033,ABC Supplies,2024-11-02,2024-12-02,3601.17,AUD,Open,,Net 30,11,5,1,2340.7605000000003,False,Normal
AP10034,Fast Travel,2025-01-11,2025-02-10,3913.65,GBP,Paid,2025-02-10,Net 30,1,5,1,4892.0625,False,Normal
AP10035,ABC Supplies,2023-04-09,2023-05-09,1117.52,CAD,Open,,Net 30,4,6,1,815.7896,False,Normal
AP10036,BluePrints,2023-07-21,2023-08-20,4178.2,CAD,Partial,,Net 30,7,4,0,3050.086,False,Normal
AP10037,Global Office,2024-07-31,2024-08-30,504.02,USD,Partial,,Net 30,7,2,0,504.02,False,Normal
AP10038,BluePrints,2023-01-08,2023-02-07,3156.05,GBP,Open,,Net 30,1,6,1,3945.0625,False,Normal
AP10039,Global Office,2023-07-01,2023-07-31,3284.77,EUR,Partial,,Net 30,7,5,1,3547.5516000000002,False,Normal
AP10040,Global Office,2025-05-24,2025-06-23,4519.76,USD,Open,,Net 30,5,5,1,4519.76,False,Normal
AP10041,BluePrints,2024-01-22,2024-02-21,4094.28,EUR,Partial,,Net 30,1,0,0,4421.822400000001,True,Anomaly
AP10042,BluePrints,2023-02-10,2023-03-12,3097.79,EUR,Paid,2023-03-12,Net 30,2,4,0,3345.6132000000002,False,Normal
AP10043,Fast Travel,2025-06-01,2025-07-01,1415.24,AUD,Partial,,Net 30,6,6,1,919.9060000000001,False,Normal
AP10044,BluePrints,2023-06-25,2023-07-25,3224.33,GBP,Partial,,Net 30,6,6,1,4030.4125,False,Normal
AP10045,TechMart,2023-06-26,2023-07-26,1164.49,USD,Partial,,Net 30,6,0,0,1164.49,False,Normal
AP10046,TechMart,2025-01-11,2025-02-10,2557.61,USD,Paid,2025-02-10,Net 30,1,5,1,2557.61,False,Normal
AP10047,BluePrints,2025-01-25,2025-02-24,393.4,GBP,Open,,Net 30,1,5,1,491.75,False,Normal
AP10048,Global Office,2025-03-17,2025-04-16,2307.05,CAD,Paid,2025-04-16,Net 30,3,0,0,1684.1465,False,Normal
AP10049,BluePrints,2023-09-28,2023-10-28,728.35,GBP,Paid,2023-10-28,Net 30,9,3,0,910.4375,False,Normal
AP10050,Fast Travel,2025-05-24,2025-06-23,3580.44,GBP,Open,,Net 30,5,5,1,4475.55,False,Normal
AP10051,BluePrints,2024-03-31,2024-04-30,1527.67,AUD,Paid,2024-04-30,Net 30,3,6,1,992.9855000000001,False,Normal
AP10052,BluePrints,2023-04-23,2023-05-23,3014.35,CAD,Paid,2023-05-23,Net 30,4,6,1,2200.4755,False,Normal
AP10053,ABC Supplies,2023-08-24,2023-09-23,3099.88,CAD,Partial,,Net 30,8,3,0,2262.9124,False,Normal
AP10054,BluePrints,2023-05-09,2023-06-08,1484.54,AUD,Partial,,Net 30,5,1,0,964.951,False,Normal
AP10055,TechMart,2023-12-19,2024-01-18,2922.4,AUD,Partial,,Net 30,12,1,0,1899.5600000000002,False,Normal
AP10056,Global Office,2023-11-08,2023-12-08,422.98,USD,Paid,2023-12-08,Net 30,11,2,0,422.98,False,Normal
AP10057,BluePrints,2023-01-03,2023-02-02,2784.23,USD,Partial,,Net 30,1,1,0,2784.23,False,Normal
AP10058,TechMart,2024-06-19,2024-07-19,2946.12,CAD,Open,,Net 30,6,2,0,2150.6675999999998,False,Normal
AP10059,BluePrints,2025-03-09,2025-04-08,578.58,GBP,Partial,,Net 30,3,6,1,723.225,False,Normal
AP10060,BluePrints,2024-05-28,2024-06-27,3849.56,GBP,Paid,2024-06-27,Net 30,5,1,0,4811.95,False,Normal
AP10061,BluePrints,2024-04-26,2024-05-26,2055.53,CAD,Partial,,Net 30,4,4,0,1500.5369,False,Normal
AP10062,ABC Supplies,2023-02-24,2023-03-26,2185.32,AUD,Paid,2023-03-26,Net 30,2,4,0,1420.458,False,Normal
AP10063,BluePrints,2025-02-15,2025-03-17,3382.98,GBP,Paid,2025-03-17,Net 30,2,5,1,4228.725,False,Normal
AP10064,Fast Travel,2024-04-22,2024-05-22,3571.55,GBP,Partial,,Net 30,4,0,0,4464.4375,False,Normal
AP10065,ABC Supplies,2025-04-15,2025-05-15,2137.45,USD,Open,,Net 30,4,1,0,2137.45,False,Normal
AP10066,TechMart,2025-02-09,2025-03-11,3793.28,USD,Paid,2025-03-11,Net 30,2,6,1,3793.28,False,Normal
AP10067,BluePrints,2025-01-03,2025-02-02,2973.27,CAD,Paid,2025-02-02,Net 30,1,4,0,2170.4871,False,Normal
AP10068,BluePrints,2024-07-24,2024-08-23,4968.32,USD,Open,,Net 30,7,2,0,4968.32,False,Normal
AP10069,BluePrints,2023-02-01,2023-03-03,4336.91,USD,Open,,Net 30,2,2,0,4336.91,False,Normal
AP10070,TechMart,2024-12-03,2025-01-02,2479.95,USD,Paid,2025-01-02,Net 30,12,1,0,2479.95,False,Normal
AP10071,TechMart,2025-06-13,2025-07-13,2498.69,USD,Open,,Net 30,6,4,0,2498.69,False,Normal
AP10072,Fast Travel,2024-11-01,2024-12-01,2106.66,CAD,Paid,2024-12-01,Net 30,11,4,0,1537.8618,False,Normal
AP10073,BluePrints,2023-06-15,2023-07-15,2082.92,AUD,Partial,,Net 30,6,3,0,1353.8980000000001,False,Normal
AP10074,ABC Supplies,2023-09-18,2023-10-18,3536.09,USD,Paid,2023-10-18,Net 30,9,0,0,3536.09,False,Normal
AP10075,BluePrints,2025-01-04,2025-02-03,3984.82,CAD,Open,,Net 30,1,5,1,2908.9186,False,Normal
AP10076,TechMart,2023-05-22,2023-06-21,1175.94,USD,Partial,,Net 30,5,0,0,1175.94,False,Normal
AP10077,Global Office,2024-09-21,2024-10-21,1596.04,AUD,Paid,2024-10-21,Net 30,9,5,1,1037.426,False,Normal
AP10078,Global Office,2024-04-19,2024-05-19,1687.52,USD,Paid,2024-05-19,Net 30,4,4,0,1687.52,False,Normal
AP10079,Global Office,2023-08-23,2023-09-22,1247.56,USD,Paid,2023-09-22,Net 30,8,2,0,1247.56,False,Normal
AP10080,ABC Supplies,2025-06-03,2025-07-03,3330.96,AUD,Partial,,Net 30,6,1,0,2165.1240000000003,False,Normal
AP10081,TechMart,2024-09-26,2024-10-26,1612.59,EUR,Open,,Net 30,9,3,0,1741.5972,False,Normal
AP10082,Global Office,2024-06-15,2024-07-15,1096.08,CAD,Partial,,Net 30,6,5,1,800.1383999999999,False,Normal
AP10083,ABC Supplies,2024-05-11,2024-06-10,1927.05,USD,Partial,,Net 30,5,5,1,1927.05,False,Normal
AP10084,ABC Supplies,2023-06-05,2023-07-05,1169.93,USD,Open,,Net 30,6,0,0,1169.93,False,Normal
AP10085,TechMart,2025-06-12,2025-07-12,662.31,GBP,Open,,Net 30,6,3,0,827.8874999999999,False,Normal
AP10086,TechMart,2023-07-04,2023-08-03,3443.5,CAD,Paid,2023-08-03,Net 30,7,1,0,2513.755,False,Normal
AP10087,TechMart,2024-06-13,2024-07-13,3290.86,CAD,Paid,2024-07-13,Net 30,6,3,0,2402.3278,False,Normal
AP10088,TechMart,2025-03-21,2025-04-20,1872.61,EUR,Open,,Net 30,3,4,0,2022.4188,False,Normal
AP10089,TechMart,2024-08-16,2024-09-15,307.49,GBP,Open,,Net 30,8,4,0,384.3625,False,Normal
AP10090,TechMart,2024-04-21,2024-05-21,211.08,AUD,Partial,,Net 30,4,6,1,137.20200000000003,False,Normal
AP10091,TechMart,2023-02-09,2023-03-11,2052.01,EUR,Open,,Net 30,2,3,0,2216.1708000000003,False,Normal
AP10092,TechMart,2023-05-25,2023-06-24,4091.87,AUD,Open,,Net 30,5,3,0,2659.7155,False,Normal
AP10093,Global Office,2023-10-28,2023-11-27,1321.04,AUD,Open,,Net 30,10,5,1,858.676,False,Normal
AP10094,BluePrints,2023-06-11,2023-07-11,4205.21,AUD,Paid,2023-07-11,Net 30,6,6,1,2733.3865,False,Normal
AP10095,Fast Travel,2024-05-14,2024-06-13,4804.12,CAD,Open,,Net 30,5,1,0,3507.0076,False,Normal
AP10096,Fast Travel,2024-05-30,2024-06-29,2179.34,USD,Paid,2024-06-29,Net 30,5,3,0,2179.34,False,Normal
AP10097,ABC Supplies,2024-02-28,2024-03-29,2918.59,CAD,Open,,Net 30,2,2,0,2130.5707,False,Normal
AP10098,Global Office,2024-10-03,2024-11-02,4508.92,CAD,Paid,2024-11-02,Net 30,10,3,0,3291.5116,False,Normal
AP10099,BluePrints,2023-07-27,2023-08-26,3543.69,EUR,Partial,,Net 30,7,3,0,3827.1852000000003,False,Normal
AP10100,Global Office,2024-09-19,2024-10-19,3606.75,AUD,Open,,Net 30,9,3,0,2344.3875000000003,False,Normal
AP10101,Global Office,2025-06-30,2025-07-30,3518.19,USD,Partial,,Net 30,6,0,0,3518.19,False,Normal
AP10102,Fast Travel,2024-12-27,2025-01-26,4853.53,CAD,Open,,Net 30,12,4,0,3543.0768999999996,False,Normal
AP10103,BluePrints,2024-08-29,2024-09-28,4099.79,EUR,Partial,,Net 30,8,3,0,4427.7732000000005,False,Normal
AP10104,BluePrints,2023-02-01,2023-03-03,3167.66,CAD,Paid,2023-03-03,Net 30,2,2,0,2312.3918,False,Normal
AP10105,Global Office,2023-04-08,2023-05-08,4646.98,EUR,Partial,,Net 30,4,5,1,5018.7384,False,Normal
AP10106,TechMart,2024-09-17,2024-10-17,4202.61,GBP,Open,,Net 30,9,1,0,5253.2625,False,Normal
AP10107,TechMart,2023-11-20,2023-12-20,1491.57,EUR,Paid,2023-12-20,Net 30,11,0,0,1610.8956,False,Normal
AP10108,BluePrints,2024-02-17,2024-03-18,2302.71,USD,Paid,2024-03-18,Net 30,2,5,1,2302.71,False,Normal
AP10109,Global Office,2025-05-10,2025-06-09,222.31,EUR,Partial,,Net 30,5,5,1,240.09480000000002,False,Normal
AP10110,Global Office,2024-11-25,2024-12-25,1191.67,GBP,Open,,Net 30,11,0,0,1489.5875,False,Normal
AP10111,Global Office,2023-12-13,2024-01-12,3805.91,CAD,Paid,2024-01-12,Net 30,12,2,0,2778.3143,False,Normal
AP10112,TechMart,2023-04-12,2023-05-12,945.2,USD,Partial,,Net 30,4,2,0,945.2,False,Normal
AP10113,Global Office,2024-01-20,2024-02-19,2517.47,CAD,Partial,,Net 30,1,5,1,1837.7531,False,Normal
AP10114,TechMart,2024-11-29,2024-12-29,4131.71,USD,Partial,,Net 30,11,4,0,4131.71,False,Normal
AP10115,TechMart,2024-03-19,2024-04-18,1116.42,CAD,Open,,Net 30,3,1,0,814.9866000000001,False,Normal
AP10116,TechMart,2023-09-24,2023-10-24,4575.27,CAD,Open,,Net 30,9,6,1,3339.9471000000003,False,Normal
AP10117,TechMart,2023-02-16,2023-03-18,1514.17,CAD,Open,,Net 30,2,3,0,1105.3441,False,Normal
AP10118,BluePrints,2023-08-14,2023-09-13,4267.03,CAD,Open,,Net 30,8,0,0,3114.9318999999996,False,Normal
AP10119,Fast Travel,2025-01-28,2025-02-27,4482.04,GBP,Partial,,Net 30,1,1,0,5602.55,True,Anomaly
AP10120,TechMart,2024-04-30,2024-05-30,1407.76,GBP,Paid,2024-05-30,Net 30,4,1,0,1759.7,False,Normal
AP10121,ABC Supplies,2023-11-23,2023-12-23,2739.91,EUR,Open,,Net 30,11,3,0,2959.1028,False,Normal
AP10122,BluePrints,2025-03-13,2025-04-12,2094.14,GBP,Partial,,Net 30,3,3,0,2617.6749999999997,False,Normal
AP10123,TechMart,2024-12-21,2025-01-20,1636.17,GBP,Open,,Net 30,12,5,1,2045.2125,False,Normal
AP10124,Fast Travel,2023-10-05,2023-11-04,1052.47,AUD,Partial,,Net 30,10,3,0,684.1055,False,Normal
AP10125,Fast Travel,2023-09-17,2023-10-17,4195.09,AUD,Open,,Net 30,9,6,1,2726.8085,False,Normal
AP10126,ABC Supplies,2023-01-14,2023-02-13,2545.81,USD,Partial,,Net 30,1,5,1,2545.81,False,Normal
AP10127,Global Office,2024-04-14,2024-05-14,993.34,AUD,Partial,,Net 30,4,6,1,645.671,False,Normal
AP10128,Global Office,2023-06-14,2023-07-14,834.51,GBP,Partial,,Net 30,6,2,0,1043.1375,False,Normal
AP10129,Global Office,2023-12-26,2024-01-25,2107.58,USD,Partial,,Net 30,12,1,0,2107.58,False,Normal
AP10130,TechMart,2025-05-05,2025-06-04,1874.69,USD,Open,,Net 30,5,0,0,1874.69,False,Normal
AP10131,Global Office,2024-06-28,2024-07-28,4388.51,EUR,Paid,2024-07-28,Net 30,6,4,0,4739.590800000001,False,Normal
AP10132,Fast Travel,2024-03-14,2024-04-13,125.24,CAD,Partial,,Net 30,3,3,0,91.42519999999999,False,Normal
AP10133,ABC Supplies,2024-04-10,2024-05-10,1249.89,AUD,Open,,Net 30,4,2,0,812.4285000000001,False,Normal
AP10134,ABC Supplies,2024-12-05,2025-01-04,4937.78,EUR,Open,,Net 30,12,3,0,5332.8024000000005,False,Normal
AP10135,BluePrints,2024-03-30,2024-04-29,2379.18,AUD,Paid,2024-04-29,Net 30,3,5,1,1546.4669999999999,False,Normal
AP10136,BluePrints,2023-12-05,2024-01-04,4032.55,CAD,Paid,2024-01-04,Net 30,12,1,0,2943.7615,False,Normal
AP10137,TechMart,2024-07-21,2024-08-20,3922.59,AUD,Paid,2024-08-20,Net 30,7,6,1,2549.6835,False,Normal
AP10138,TechMart,2023-09-05,2023-10-05,3377.42,GBP,Paid,2023-10-05,Net 30,9,1,0,4221.775,False,Normal
AP10139,Global Office,2024-12-12,2025-01-11,3927.21,EUR,Partial,,Net 30,12,3,0,4241.3868,False,Normal
AP10140,Global Office,2024-04-18,2024-05-18,4292.35,CAD,Open,,Net 30,4,3,0,3133.4155,False,Normal
AP10141,Fast Travel,2025-06-19,2025-07-19,3350.66,USD,Partial,,Net 30,6,3,0,3350.66,False,Normal
AP10142,TechMart,2023-05-28,2023-06-27,4762.47,USD,Partial,,Net 30,5,6,1,4762.47,False,Normal
AP10143,TechMart,2023-08-01,2023-08-31,1589.97,AUD,Open,,Net 30,8,1,0,1033.4805000000001,False,Normal
AP10144,ABC Supplies,2024-06-24,2024-07-24,2206.4,GBP,Partial,,Net 30,6,0,0,2758.0,False,Normal
AP10145,Global Office,2023-11-28,2023-12-28,2642.46,GBP,Paid,2023-12-28,Net 30,11,1,0,3303.075,False,Normal
AP10146,TechMart,2024-04-10,2024-05-10,2413.9,CAD,Partial,,Net 30,4,2,0,1762.147,False,Normal
AP10147,Global Office,2023-08-16,2023-09-15,2803.47,USD,Partial,,Net 30,8,2,0,2803.47,False,Normal
AP10148,Fast Travel,2023-09-30,2023-10-30,3709.9,EUR,Partial,,Net 30,9,5,1,4006.6920000000005,False,Normal
AP10149,ABC Supplies,2024-06-13,2024-07-13,4721.15,AUD,Paid,2024-07-13,Net 30,6,3,0,3068.7475,False,Normal
AP10150,TechMart,2023-08-06,2023-09-05,1555.44,USD,Partial,,Net 30,8,6,1,1555.44,False,Normal
AP10151,ABC Supplies,2024-04-08,2024-05-08,2731.15,USD,Paid,2024-05-08,Net 30,4,0,0,2731.15,False,Normal
AP10152,BluePrints,2024-11-26,2024-12-26,3600.41,CAD,Partial,,Net 30,11,1,0,2628.2992999999997,False,Normal
AP10153,BluePrints,2023-03-05,2023-04-04,1532.1,EUR,Paid,2023-04-04,Net 30,3,6,1,1654.6680000000001,False,Normal
AP10154,Fast Travel,2024-07-02,2024-08-01,3671.9,USD,Open,,Net 30,7,1,0,3671.9,False,Normal
AP10155,ABC Supplies,2024-02-23,2024-03-24,249.12,USD,Open,,Net 30,2,4,0,249.12,False,Normal
AP10156,Global Office,2024-10-02,2024-11-01,1247.49,EUR,Partial,,Net 30,10,2,0,1347.2892000000002,False,Normal
AP10157,Global Office,2023-06-04,2023-07-04,4374.63,USD,Partial,,Net 30,6,6,1,4374.63,False,Normal
AP10158,Global Office,2023-04-28,2023-05-28,3691.12,EUR,Partial,,Net 30,4,4,0,3986.4096,False,Normal
AP10159,Global Office,2024-05-31,2024-06-30,4217.39,AUD,Paid,2024-06-30,Net 30,5,4,0,2741.3035000000004,False,Normal
AP10160,Fast Travel,2023-10-05,2023-11-04,4642.36,CAD,Open,,Net 30,10,3,0,3388.9228,False,Normal
AP10161,BluePrints,2025-03-18,2025-04-17,3580.35,AUD,Partial,,Net 30,3,1,0,2327.2275,False,Normal
AP10162,TechMart,2024-02-03,2024-03-04,3588.69,AUD,Partial,,Net 30,2,5,1,2332.6485000000002,False,Normal
AP10163,TechMart,2024-10-21,2024-11-20,2407.4,CAD,Partial,,Net 30,10,0,0,1757.402,False,Normal
AP10164,TechMart,2023-04-01,2023-05-01,649.78,CAD,Partial,,Net 30,4,5,1,474.33939999999996,False,Normal
AP10165,ABC Supplies,2024-09-14,2024-10-14,143.83,CAD,Paid,2024-10-14,Net 30,9,5,1,104.9959,False,Normal
AP10166,Global Office,2025-06-05,2025-07-05,1041.99,USD,Open,,Net 30,6,3,0,1041.99,False,Normal
AP10167,BluePrints,2023-06-11,2023-07-11,2826.0,CAD,Open,,Net 30,6,6,1,2062.98,False,Normal
AP10168,BluePrints,2024-12-11,2025-01-10,3078.5,GBP,Paid,2025-01-10,Net 30,12,2,0,3848.125,False,Normal
AP10169,Fast Travel,2025-04-01,2025-05-01,3139.88,AUD,Partial,,Net 30,4,1,0,2040.9220000000003,False,Normal
AP10170,TechMart,2023-04-27,2023-05-27,4899.64,AUD,Paid,2023-05-27,Net 30,4,3,0,3184.7660000000005,False,Normal
AP10171,BluePrints,2024-12-09,2025-01-08,3205.33,USD,Partial,,Net 30,12,0,0,3205.33,False,Normal
AP10172,ABC Supplies,2024-11-09,2024-12-09,1285.77,USD,Partial,,Net 30,11,5,1,1285.77,False,Normal
AP10173,BluePrints,2025-06-20,2025-07-20,216.78,USD,Partial,,Net 30,6,4,0,216.78,False,Normal
AP10174,TechMart,2023-03-05,2023-04-04,4512.77,CAD,Partial,,Net 30,3,6,1,3294.3221000000003,False,Normal
AP10175,Fast Travel,2023-11-11,2023-12-11,4283.63,AUD,Paid,2023-12-11,Net 30,11,5,1,2784.3595,False,Normal
AP10176,BluePrints,2024-09-29,2024-10-29,370.46,CAD,Paid,2024-10-29,Net 30,9,6,1,270.4358,False,Normal
AP10177,Global Office,2024-06-10,2024-07-10,3313.07,EUR,Open,,Net 30,6,0,0,3578.1156000000005,False,Normal
AP10178,ABC Supplies,2023-11-23,2023-12-23,4616.42,USD,Paid,2023-12-23,Net 30,11,3,0,4616.42,False,Normal
AP10179,ABC Supplies,2023-03-13,2023-04-12,1731.08,USD,Open,,Net 30,3,0,0,1731.08,False,Normal
AP10180,BluePrints,2025-02-05,2025-03-07,4027.83,CAD,Partial,,Net 30,2,2,0,2940.3159,False,Normal
AP10181,TechMart,2024-07-25,2024-08-24,1770.47,CAD,Paid,2024-08-24,Net 30,7,3,0,1292.4431,False,Normal
AP10182,Fast Travel,2024-12-20,2025-01-19,4140.83,EUR,Paid,2025-01-19,Net 30,12,4,0,4472.0964,False,Normal
AP10183,ABC Supplies,2025-04-16,2025-05-16,606.74,EUR,Partial,,Net 30,4,2,0,655.2792000000001,False,Normal
AP10184,TechMart,2023-02-04,2023-03-06,3488.56,GBP,Open,,Net 30,2,5,1,4360.7,False,Normal
AP10185,ABC Supplies,2025-06-22,2025-07-22,816.61,CAD,Open,,Net 30,6,6,1,596.1253,False,Normal
AP10186,BluePrints,2024-05-02,2024-06-01,2178.88,GBP,Paid,2024-06-01,Net 30,5,3,0,2723.6000000000004,False,Normal
AP10187,Fast Travel,2023-12-19,2024-01-18,4356.53,USD,Partial,,Net 30,12,1,0,4356.53,False,Normal
AP10188,BluePrints,2024-04-17,2024-05-17,2905.63,AUD,Open,,Net 30,4,2,0,1888.6595000000002,False,Normal
AP10189,Global Office,2024-05-02,2024-06-01,940.95,CAD,Paid,2024-06-01,Net 30,5,3,0,686.8935,False,Normal
AP10190,ABC Supplies,2023-02-17,2023-03-19,4744.18,AUD,Partial,,Net 30,2,4,0,3083.717,False,Normal
AP10191,Global Office,2025-02-22,2025-03-24,147.49,AUD,Paid,2025-03-24,Net 30,2,5,1,95.86850000000001,False,Normal
AP10192,TechMart,2025-06-09,2025-07-09,495.23,CAD,Partial,,Net 30,6,0,0,361.5179,False,Normal
AP10193,Global Office,2023-05-30,2023-06-29,2497.87,GBP,Partial,,Net 30,5,1,0,3122.3374999999996,False,Normal
AP10194,TechMart,2024-06-11,2024-07-11,1407.52,CAD,Open,,Net 30,6,1,0,1027.4895999999999,False,Normal
AP10195,TechMart,2025-03-07,2025-04-06,2632.28,AUD,Partial,,Net 30,3,4,0,1710.9820000000002,False,Normal
AP10196,Fast Travel,2024-04-02,2024-05-02,3255.92,GBP,Open,,Net 30,4,1,0,4069.9,False,Normal
AP10197,BluePrints,2023-09-21,2023-10-21,392.7,USD,Paid,2023-10-21,Net 30,9,3,0,392.7,False,Normal
AP10198,Fast Travel,2024-04-06,2024-05-06,4366.65,USD,Partial,,Net 30,4,5,1,4366.65,False,Normal
AP10199,TechMart,2024-03-21,2024-04-20,1348.94,EUR,Paid,2024-04-20,Net 30,3,3,0,1456.8552000000002,False,Normal
AP10200,Global Office,2025-06-29,2025-07-29,4373.52,GBP,Open,,Net 30,6,6,1,5466.900000000001,False,Normal
AP10201,Global Office,2023-11-02,2023-12-02,3414.97,USD,Paid,2023-12-02,Net 30,11,3,0,3414.97,False,Normal
AP10202,Global Office,2025-01-08,2025-02-07,1646.53,CAD,Paid,2025-02-07,Net 30,1,2,0,1201.9669,False,Normal
AP10203,Fast Travel,2025-03-11,2025-04-10,2688.88,EUR,Open,,Net 30,3,1,0,2903.9904,False,Normal
AP10204,ABC Supplies,2023-01-07,2023-02-06,2187.09,AUD,Partial,,Net 30,1,5,1,1421.6085,False,Normal
AP10205,TechMart,2025-05-28,2025-06-27,3171.13,USD,Paid,2025-06-27,Net 30,5,2,0,3171.13,False,Normal
AP10206,BluePrints,2024-05-25,2024-06-24,2235.47,EUR,Paid,2024-06-24,Net 30,5,5,1,2414.3076,False,Normal
AP10207,BluePrints,2024-06-02,2024-07-02,4392.95,USD,Paid,2024-07-02,Net 30,6,6,1,4392.95,False,Normal
AP10208,Global Office,2023-10-05,2023-11-04,765.04,EUR,Paid,2023-11-04,Net 30,10,3,0,826.2432,False,Normal
AP10209,BluePrints,2024-04-10,2024-05-10,4435.17,USD,Open,,Net 30,4,2,0,4435.17,False,Normal
AP10210,BluePrints,2023-01-22,2023-02-21,2626.85,CAD,Open,,Net 30,1,6,1,1917.6004999999998,False,Normal
AP10211,BluePrints,2024-06-17,2024-07-17,4803.24,USD,Partial,,Net 30,6,0,0,4803.24,False,Normal
AP10212,Fast Travel,2024-07-23,2024-08-22,3007.22,USD,Paid,2024-08-22,Net 30,7,1,0,3007.22,False,Normal
AP10213,BluePrints,2025-02-16,2025-03-18,4929.75,CAD,Open,,Net 30,2,6,1,3598.7174999999997,False,Normal
AP10214,Fast Travel,2024-06-06,2024-07-06,1536.2,EUR,Partial,,Net 30,6,3,0,1659.0960000000002,False,Normal
AP10215,Fast Travel,2024-07-18,2024-08-17,2978.71,GBP,Partial,,Net 30,7,3,0,3723.3875,False,Normal
AP10216,Global Office,2024-02-04,2024-03-05,915.17,GBP,Paid,2024-03-05,Net 30,2,6,1,1143.9624999999999,False,Normal
AP10217,Fast Travel,2023-07-02,2023-08-01,3188.52,GBP,Partial,,Net 30,7,6,1,3985.65,False,Normal
AP10218,ABC Supplies,2024-05-20,2024-06-19,2307.79,USD,Partial,,Net 30,5,0,0,2307.79,False,Normal
AP10219,ABC Supplies,2023-11-21,2023-12-21,2903.71,EUR,Partial,,Net 30,11,1,0,3136.0068,False,Normal
AP10220,ABC Supplies,2024-05-20,2024-06-19,2565.02,USD,Partial,,Net 30,5,0,0,2565.02,False,Normal
AP10221,Fast Travel,2025-05-13,2025-06-12,2121.21,USD,Open,,Net 30,5,1,0,2121.21,False,Normal
AP10222,Fast Travel,2025-04-01,2025-05-01,1273.9,EUR,Open,,Net 30,4,1,0,1375.8120000000001,False,Normal
AP10223,Fast Travel,2025-02-23,2025-03-25,3975.5,AUD,Open,,Net 30,2,6,1,2584.0750000000003,False,Normal
AP10224,BluePrints,2024-10-23,2024-11-22,2421.44,AUD,Open,,Net 30,10,2,0,1573.9360000000001,False,Normal
AP10225,BluePrints,2025-01-31,2025-03-02,2458.01,EUR,Open,,Net 30,1,4,0,2654.6508000000003,False,Normal
AP10226,BluePrints,2023-07-29,2023-08-28,2854.39,EUR,Paid,2023-08-28,Net 30,7,5,1,3082.7412,False,Normal
AP10227,Fast Travel,2024-01-28,2024-02-27,2918.95,EUR,Open,,Net 30,1,6,1,3152.466,False,Normal
AP10228,Global Office,2023-03-12,2023-04-11,328.97,USD,Paid,2023-04-11,Net 30,3,6,1,328.97,False,Normal
AP10229,Global Office,2024-08-19,2024-09-18,1213.71,USD,Open,,Net 30,8,0,0,1213.71,False,Normal
AP10230,ABC Supplies,2025-04-25,2025-05-25,454.59,USD,Open,,Net 30,4,4,0,454.59,False,Normal
AP10231,ABC Supplies,2023-04-24,2023-05-24,4278.37,CAD,Paid,2023-05-24,Net 30,4,0,0,3123.2101,False,Normal
AP10232,BluePrints,2024-08-20,2024-09-19,3048.16,USD,Open,,Net 30,8,1,0,3048.16,False,Normal
AP10233,Global Office,2023-05-19,2023-06-18,4611.88,AUD,Partial,,Net 30,5,4,0,2997.722,False,Normal
AP10234,BluePrints,2024-01-24,2024-02-23,2206.77,USD,Open,,Net 30,1,2,0,2206.77,False,Normal
AP10235,BluePrints,2023-12-09,2024-01-08,1191.52,USD,Paid,2024-01-08,Net 30,12,5,1,1191.52,False,Normal
AP10236,BluePrints,2023-01-12,2023-02-11,1715.9,CAD,Partial,,Net 30,1,3,0,1252.607,False,Normal
AP10237,Fast Travel,2023-01-30,2023-03-01,2281.3,GBP,Paid,2023-03-01,Net 30,1,0,0,2851.625,False,Normal
AP10238,ABC Supplies,2024-03-11,2024-04-10,3825.33,GBP,Open,,Net 30,3,0,0,4781.6625,False,Normal
AP10239,ABC Supplies,2023-03-23,2023-04-22,4771.6,AUD,Partial,,Net 30,3,3,0,3101.5400000000004,False,Normal
AP10240,ABC Supplies,2024-07-01,2024-07-31,3536.61,USD,Partial,,Net 30,7,0,0,3536.61,False,Normal
AP10241,TechMart,2023-06-10,2023-07-10,4873.48,EUR,Paid,2023-07-10,Net 30,6,5,1,5263.3584,False,Normal
AP10242,BluePrints,2024-11-22,2024-12-22,3763.83,AUD,Partial,,Net 30,11,4,0,2446.4895,False,Normal
AP10243,BluePrints,2023-04-29,2023-05-29,1956.76,CAD,Partial,,Net 30,4,5,1,1428.4348,False,Normal
AP10244,BluePrints,2024-04-14,2024-05-14,4541.03,AUD,Partial,,Net 30,4,6,1,2951.6695,False,Normal
AP10245,ABC Supplies,2023-10-04,2023-11-03,3118.33,USD,Partial,,Net 30,10,2,0,3118.33,False,Normal
AP10246,ABC Supplies,2024-07-30,2024-08-29,4825.22,CAD,Paid,2024-08-29,Net 30,7,1,0,3522.4106,False,Normal
AP10247,TechMart,2025-02-24,2025-03-26,3534.62,AUD,Partial,,Net 30,2,0,0,2297.503,False,Normal
AP10248,ABC Supplies,2023-05-29,2023-06-28,2784.2,GBP,Paid,2023-06-28,Net 30,5,0,0,3480.25,False,Normal
AP10249,Fast Travel,2025-05-15,2025-06-14,4703.79,AUD,Open,,Net 30,5,3,0,3057.4635000000003,False,Normal
AP10250,TechMart,2024-05-11,2024-06-10,3586.26,AUD,Open,,Net 30,5,5,1,2331.0690000000004,False,Normal
AP10251,BluePrints,2024-03-22,2024-04-21,2609.45,USD,Paid,2024-04-21,Net 30,3,4,0,2609.45,False,Normal
AP10252,BluePrints,2023-03-14,2023-04-13,527.18,GBP,Paid,2023-04-13,Net 30,3,1,0,658.9749999999999,False,Normal
AP10253,Global Office,2023-06-09,2023-07-09,3705.03,AUD,Partial,,Net 30,6,4,0,2408.2695000000003,False,Normal
AP10254,BluePrints,2024-05-28,2024-06-27,1274.56,AUD,Open,,Net 30,5,1,0,828.4639999999999,False,Normal
AP10255,Fast Travel,2025-06-07,2025-07-07,928.12,EUR,Paid,2025-07-07,Net 30,6,5,1,1002.3696000000001,False,Normal
AP10256,TechMart,2025-02-07,2025-03-09,3380.41,GBP,Partial,,Net 30,2,4,0,4225.5125,False,Normal
AP10257,TechMart,2023-01-23,2023-02-22,489.13,EUR,Open,,Net 30,1,0,0,528.2604,False,Normal
AP10258,Fast Travel,2023-11-07,2023-12-07,2309.52,USD,Partial,,Net 30,11,1,0,2309.52,False,Normal
AP10259,BluePrints,2023-08-28,2023-09-27,2555.11,CAD,Open,,Net 30,8,0,0,1865.2303,False,Normal
AP10260,ABC Supplies,2024-03-22,2024-04-21,3084.27,USD,Paid,2024-04-21,Net 30,3,4,0,3084.27,False,Normal
AP10261,BluePrints,2025-02-05,2025-03-07,2226.56,EUR,Paid,2025-03-07,Net 30,2,2,0,2404.6848,False,Normal
AP10262,Global Office,2024-01-25,2024-02-24,1081.44,AUD,Paid,2024-02-24,Net 30,1,3,0,702.936,False,Normal
AP10263,ABC Supplies,2023-06-12,2023-07-12,985.69,USD,Partial,,Net 30,6,0,0,985.69,False,Normal
AP10264,BluePrints,2025-05-15,2025-06-14,4502.04,CAD,Partial,,Net 30,5,3,0,3286.4892,False,Normal
AP10265,TechMart,2025-01-29,2025-02-28,1415.18,GBP,Partial,,Net 30,1,2,0,1768.9750000000001,False,Normal
AP10266,Global Office,2023-10-10,2023-11-09,3176.41,EUR,Open,,Net 30,10,1,0,3430.5228,False,Normal
AP10267,ABC Supplies,2023-06-17,2023-07-17,4887.26,USD,Open,,Net 30,6,5,1,4887.26,False,Normal
AP10268,Global Office,2024-09-10,2024-10-10,3883.76,GBP,Partial,,Net 30,9,1,0,4854.700000000001,False,Normal
AP10269,Global Office,2025-06-12,2025-07-12,1284.06,CAD,Open,,Net 30,6,3,0,937.3638,False,Normal
AP10270,Global Office,2025-06-26,2025-07-26,4305.19,GBP,Paid,2025-07-26,Net 30,6,3,0,5381.487499999999,False,Normal
AP10271,Global Office,2023-11-12,2023-12-12,1810.33,AUD,Open,,Net 30,11,6,1,1176.7145,False,Normal
AP10272,BluePrints,2024-03-22,2024-04-21,3741.63,EUR,Open,,Net 30,3,4,0,4040.9604000000004,False,Normal
AP10273,Fast Travel,2024-01-31,2024-03-01,2037.12,AUD,Paid,2024-03-01,Net 30,1,2,0,1324.128,False,Normal
AP10274,Fast Travel,2024-02-10,2024-03-11,970.98,USD,Open,,Net 30,2,5,1,970.98,False,Normal
AP10275,Global Office,2023-03-12,2023-04-11,743.53,AUD,Paid,2023-04-11,Net 30,3,6,1,483.29449999999997,False,Normal
AP10276,ABC Supplies,2024-07-05,2024-08-04,983.96,GBP,Open,,Net 30,7,4,0,1229.95,False,Normal
AP10277,ABC Supplies,2024-08-09,2024-09-08,1917.71,GBP,Open,,Net 30,8,4,0,2397.1375,False,Normal
AP10278,BluePrints,2024-07-14,2024-08-13,1199.03,USD,Partial,,Net 30,7,6,1,1199.03,False,Normal
AP10279,ABC Supplies,2023-05-11,2023-06-10,317.85,USD,Paid,2023-06-10,Net 30,5,3,0,317.85,False,Normal
AP10280,Fast Travel,2025-04-06,2025-05-06,4556.93,EUR,Partial,,Net 30,4,6,1,4921.4844,False,Normal
AP10281,BluePrints,2024-11-10,2024-12-10,1600.22,GBP,Open,,Net 30,11,6,1,2000.275,False,Normal
AP10282,Fast Travel,2023-02-17,2023-03-19,2011.23,GBP,Open,,Net 30,2,4,0,2514.0375,False,Normal
AP10283,Fast Travel,2024-10-16,2024-11-15,2093.29,CAD,Open,,Net 30,10,2,0,1528.1017,False,Normal
AP10284,TechMart,2025-04-05,2025-05-05,4095.0,CAD,Partial,,Net 30,4,5,1,2989.35,False,Normal
AP10285,BluePrints,2024-01-11,2024-02-10,3459.29,GBP,Partial,,Net 30,1,3,0,4324.1125,False,Normal
AP10286,Fast Travel,2023-10-26,2023-11-25,310.84,USD,Paid,2023-11-25,Net 30,10,3,0,310.84,False,Normal
AP10287,ABC Supplies,2024-09-24,2024-10-24,929.39,EUR,Partial,,Net 30,9,1,0,1003.7412,False,Normal
AP10288,TechMart,2023-03-16,2023-04-15,4087.15,USD,Paid,2023-04-15,Net 30,3,3,0,4087.15,False,Normal
AP10289,Global Office,2025-03-25,2025-04-24,2351.03,CAD,Open,,Net 30,3,1,0,1716.2519000000002,False,Normal
AP10290,TechMart,2023-08-14,2023-09-13,4799.5,GBP,Paid,2023-09-13,Net 30,8,0,0,5999.375,True,Anomaly
AP10291,TechMart,2023-06-28,2023-07-28,2284.77,AUD,Open,,Net 30,6,2,0,1485.1005,False,Normal
AP10292,Fast Travel,2023-08-04,2023-09-03,2951.68,AUD,Paid,2023-09-03,Net 30,8,4,0,1918.5919999999999,False,Normal
AP10293,ABC Supplies,2024-06-14,2024-07-14,4227.92,AUD,Partial,,Net 30,6,4,0,2748.148,False,Normal
AP10294,TechMart,2024-11-21,2024-12-21,1060.77,AUD,Paid,2024-12-21,Net 30,11,3,0,689.5005,False,Normal
AP10295,BluePrints,2023-12-25,2024-01-24,4147.42,AUD,Partial,,Net 30,12,0,0,2695.8230000000003,False,Normal
AP10296,ABC Supplies,2023-10-07,2023-11-06,4406.58,GBP,Paid,2023-11-06,Net 30,10,5,1,5508.225,False,Normal
AP10297,Global Office,2023-05-23,2023-06-22,3855.44,CAD,Open,,Net 30,5,1,0,2814.4712,False,Normal
AP10298,ABC Supplies,2025-04-26,2025-05-26,1239.49,CAD,Open,,Net 30,4,5,1,904.8276999999999,False,Normal
AP10299,Global Office,2025-06-11,2025-07-11,4842.93,AUD,Open,,Net 30,6,2,0,3147.9045,False,Normal
AP10300,BluePrints,2025-06-25,2025-07-25,1477.77,USD,Open,,Net 30,6,2,0,1477.77,False,Normal
AP10301,Fast Travel,2025-03-01,2025-03-31,4772.12,USD,Paid,2025-03-31,Net 30,3,5,1,4772.12,False,Normal
AP10302,TechMart,2023-04-19,2023-05-19,2860.03,AUD,Paid,2023-05-19,Net 30,4,2,0,1859.0195,False,Normal
AP10303,TechMart,2024-07-31,2024-08-30,1886.55,AUD,Partial,,Net 30,7,2,0,1226.2575,False,Normal
AP10304,BluePrints,2024-06-06,2024-07-06,4336.49,AUD,Open,,Net 30,6,3,0,2818.7185,False,Normal
AP10305,BluePrints,2023-11-26,2023-12-26,4046.8,USD,Partial,,Net 30,11,6,1,4046.8,False,Normal
AP10306,BluePrints,2025-05-10,2025-06-09,3387.6,AUD,Paid,2025-06-09,Net 30,5,5,1,2201.94,False,Normal
AP10307,Global Office,2025-01-22,2025-02-21,4207.86,EUR,Open,,Net 30,1,2,0,4544.4888,False,Normal
AP10308,TechMart,2024-01-29,2024-02-28,2784.29,CAD,Open,,Net 30,1,0,0,2032.5317,False,Normal
AP10309,TechMart,2024-10-11,2024-11-10,2721.22,GBP,Partial,,Net 30,10,4,0,3401.5249999999996,False,Normal
AP10310,Fast Travel,2023-03-08,2023-04-07,1741.36,CAD,Partial,,Net 30,3,2,0,1271.1927999999998,False,Normal
AP10311,TechMart,2024-06-22,2024-07-22,4981.44,USD,Paid,2024-07-22,Net 30,6,5,1,4981.44,False,Normal
AP10312,ABC Supplies,2023-05-16,2023-06-15,2244.68,EUR,Open,,Net 30,5,1,0,2424.2544,False,Normal
AP10313,BluePrints,2024-10-02,2024-11-01,660.06,AUD,Paid,2024-11-01,Net 30,10,2,0,429.039,False,Normal
AP10314,Global Office,2025-03-06,2025-04-05,2932.27,AUD,Paid,2025-04-05,Net 30,3,3,0,1905.9755,False,Normal
AP10315,Global Office,2024-08-07,2024-09-06,451.25,GBP,Open,,Net 30,8,2,0,564.0625,False,Normal
AP10316,Fast Travel,2025-06-30,2025-07-30,2665.5,CAD,Partial,,Net 30,6,0,0,1945.815,False,Normal
AP10317,BluePrints,2025-02-19,2025-03-21,1471.82,USD,Open,,Net 30,2,2,0,1471.82,False,Normal
AP10318,ABC Supplies,2024-04-09,2024-05-09,1830.02,GBP,Paid,2024-05-09,Net 30,4,1,0,2287.525,False,Normal
AP10319,ABC Supplies,2023-02-22,2023-03-24,4995.39,CAD,Partial,,Net 30,2,2,0,3646.6347,False,Normal
AP10320,ABC Supplies,2023-05-22,2023-06-21,4822.93,AUD,Partial,,Net 30,5,0,0,3134.9045,False,Normal
AP10321,BluePrints,2023-01-02,2023-02-01,1174.97,USD,Paid,2023-02-01,Net 30,1,0,0,1174.97,False,Normal
AP10322,Global Office,2024-04-05,2024-05-05,1018.67,EUR,Partial,,Net 30,4,4,0,1100.1636,False,Normal
AP10323,TechMart,2024-08-24,2024-09-23,525.23,AUD,Open,,Net 30,8,5,1,341.39950000000005,False,Normal
AP10324,TechMart,2023-03-29,2023-04-28,4607.07,USD,Open,,Net 30,3,2,0,4607.07,False,Normal
AP10325,BluePrints,2023-05-08,2023-06-07,2792.15,CAD,Paid,2023-06-07,Net 30,5,0,0,2038.2695,False,Normal
AP10326,BluePrints,2024-08-07,2024-09-06,3719.04,GBP,Open,,Net 30,8,2,0,4648.8,False,Normal
AP10327,Fast Travel,2024-10-11,2024-11-10,4169.05,EUR,Paid,2024-11-10,Net 30,10,4,0,4502.5740000000005,False,Normal
AP10328,Global Office,2024-12-17,2025-01-16,1405.35,AUD,Open,,Net 30,12,1,0,913.4775,False,Normal
AP10329,Global Office,2024-04-19,2024-05-19,4512.44,AUD,Partial,,Net 30,4,4,0,2933.086,False,Normal
AP10330,ABC Supplies,2024-04-13,2024-05-13,1855.47,EUR,Open,,Net 30,4,5,1,2003.9076000000002,False,Normal
AP10331,Fast Travel,2024-12-07,2025-01-06,1596.9,CAD,Paid,2025-01-06,Net 30,12,5,1,1165.737,False,Normal
AP10332,Fast Travel,2023-01-23,2023-02-22,176.54,CAD,Paid,2023-02-22,Net 30,1,0,0,128.8742,True,Anomaly
AP10333,ABC Supplies,2025-02-17,2025-03-19,1225.82,CAD,Open,,Net 30,2,0,0,894.8485999999999,False,Normal
AP10334,BluePrints,2024-01-30,2024-02-29,355.21,CAD,Open,,Net 30,1,1,0,259.3033,False,Normal
AP10335,Global Office,2025-03-20,2025-04-19,4628.86,EUR,Paid,2025-04-19,Net 30,3,3,0,4999.1688,False,Normal
AP10336,TechMart,2023-12-08,2024-01-07,2845.8,EUR,Partial,,Net 30,12,4,0,3073.4640000000004,False,Normal
AP10337,ABC Supplies,2025-06-02,2025-07-02,1566.29,EUR,Open,,Net 30,6,0,0,1691.5932,False,Normal
AP10338,Global Office,2023-11-05,2023-12-05,4917.53,EUR,Paid,2023-12-05,Net 30,11,6,1,5310.9324,True,Anomaly
AP10339,TechMart,2023-12-22,2024-01-21,2748.45,GBP,Open,,Net 30,12,4,0,3435.5625,False,Normal
AP10340,Global Office,2025-01-15,2025-02-14,2910.56,AUD,Paid,2025-02-14,Net 30,1,2,0,1891.864,False,Normal
AP10341,ABC Supplies,2025-06-23,2025-07-23,728.89,USD,Partial,,Net 30,6,0,0,728.89,False,Normal
AP10342,BluePrints,2023-02-24,2023-03-26,1790.61,USD,Partial,,Net 30,2,4,0,1790.61,False,Normal
AP10343,Global Office,2024-03-07,2024-04-06,3085.28,GBP,Paid,2024-04-06,Net 30,3,3,0,3856.6000000000004,False,Normal
AP10344,Fast Travel,2023-08-16,2023-09-15,899.5,GBP,Open,,Net 30,8,2,0,1124.375,False,Normal
AP10345,Global Office,2023-01-11,2023-02-10,1797.02,USD,Open,,Net 30,1,2,0,1797.02,False,Normal
AP10346,ABC Supplies,2023-08-31,2023-09-30,4901.42,CAD,Open,,Net 30,8,3,0,3578.0366,False,Normal
AP10347,Global Office,2023-02-05,2023-03-07,4612.14,GBP,Paid,2023-03-07,Net 30,2,6,1,5765.175,True,Anomaly
AP10348,BluePrints,2024-06-09,2024-07-09,3151.2,CAD,Partial,,Net 30,6,6,1,2300.3759999999997,False,Normal
AP10349,Global Office,2024-03-21,2024-04-20,4219.03,AUD,Paid,2024-04-20,Net 30,3,3,0,2742.3695,False,Normal
AP10350,ABC Supplies,2023-12-13,2024-01-12,4971.99,EUR,Open,,Net 30,12,2,0,5369.7492,False,Normal
AP10351,Fast Travel,2023-12-21,2024-01-20,3366.62,GBP,Paid,2024-01-20,Net 30,12,3,0,4208.275,False,Normal
AP10352,TechMart,2025-03-19,2025-04-18,499.9,CAD,Paid,2025-04-18,Net 30,3,2,0,364.92699999999996,False,Normal
AP10353,Fast Travel,2023-09-28,2023-10-28,4834.01,GBP,Paid,2023-10-28,Net 30,9,3,0,6042.512500000001,False,Normal
AP10354,TechMart,2023-04-11,2023-05-11,1132.31,USD,Partial,,Net 30,4,1,0,1132.31,False,Normal
AP10355,TechMart,2025-05-20,2025-06-19,239.21,EUR,Partial,,Net 30,5,1,0,258.34680000000003,False,Normal
AP10356,BluePrints,2023-09-21,2023-10-21,1990.65,EUR,Open,,Net 30,9,3,0,2149.902,False,Normal
AP10357,BluePrints,2023-08-22,2023-09-21,4029.65,CAD,Paid,2023-09-21,Net 30,8,1,0,2941.6445,False,Normal
AP10358,Fast Travel,2024-09-10,2024-10-10,1667.66,AUD,Open,,Net 30,9,1,0,1083.979,False,Normal
AP10359,Fast Travel,2024-02-03,2024-03-04,687.7,AUD,Open,,Net 30,2,5,1,447.00500000000005,False,Normal
AP10360,Global Office,2023-09-05,2023-10-05,1555.59,USD,Paid,2023-10-05,Net 30,9,1,0,1555.59,False,Normal
AP10361,BluePrints,2024-01-07,2024-02-06,937.69,AUD,Paid,2024-02-06,Net 30,1,6,1,609.4985,False,Normal
AP10362,ABC Supplies,2024-01-16,2024-02-15,2005.72,USD,Paid,2024-02-15,Net 30,1,1,0,2005.72,False,Normal
AP10363,BluePrints,2024-01-15,2024-02-14,4353.25,CAD,Paid,2024-02-14,Net 30,1,0,0,3177.8725,False,Normal
AP10364,BluePrints,2024-12-27,2025-01-26,2122.23,AUD,Open,,Net 30,12,4,0,1379.4495000000002,False,Normal
AP10365,TechMart,2025-04-09,2025-05-09,3957.87,CAD,Partial,,Net 30,4,2,0,2889.2450999999996,False,Normal
AP10366,BluePrints,2024-07-22,2024-08-21,3266.74,AUD,Partial,,Net 30,7,0,0,2123.381,False,Normal
AP10367,TechMart,2024-04-29,2024-05-29,4729.29,AUD,Partial,,Net 30,4,0,0,3074.0385,False,Normal
AP10368,ABC Supplies,2025-03-15,2025-04-14,1404.93,AUD,Partial,,Net 30,3,5,1,913.2045,False,Normal
AP10369,TechMart,2024-12-05,2025-01-04,2397.51,CAD,Partial,,Net 30,12,3,0,1750.1823000000002,False,Normal
AP10370,TechMart,2023-03-20,2023-04-19,3324.14,AUD,Paid,2023-04-19,Net 30,3,0,0,2160.691,False,Normal
AP10371,Global Office,2023-12-30,2024-01-29,4000.08,GBP,Open,,Net 30,12,5,1,5000.1,False,Normal
AP10372,Global Office,2025-05-11,2025-06-10,692.78,EUR,Paid,2025-06-10,Net 30,5,6,1,748.2024,False,Normal
AP10373,ABC Supplies,2023-05-20,2023-06-19,485.69,EUR,Partial,,Net 30,5,5,1,524.5452,False,Normal
AP10374,TechMart,2023-08-30,2023-09-29,2956.85,EUR,Paid,2023-09-29,Net 30,8,2,0,3193.398,False,Normal
AP10375,Fast Travel,2023-11-03,2023-12-03,2455.26,CAD,Partial,,Net 30,11,4,0,1792.3398000000002,False,Normal
AP10376,ABC Supplies,2023-02-01,2023-03-03,852.36,CAD,Paid,2023-03-03,Net 30,2,2,0,622.2228,False,Normal
AP10377,TechMart,2023-07-22,2023-08-21,4885.47,EUR,Partial,,Net 30,7,5,1,5276.307600000001,False,Normal
AP10378,TechMart,2024-08-17,2024-09-16,3332.33,USD,Open,,Net 30,8,5,1,3332.33,False,Normal
AP10379,TechMart,2023-09-01,2023-10-01,431.39,USD,Paid,2023-10-01,Net 30,9,4,0,431.39,False,Normal
AP10380,BluePrints,2024-03-12,2024-04-11,2201.16,GBP,Open,,Net 30,3,1,0,2751.45,False,Normal
AP10381,Global Office,2024-09-17,2024-10-17,726.32,GBP,Paid,2024-10-17,Net 30,9,1,0,907.9000000000001,False,Normal
AP10382,TechMart,2024-02-07,2024-03-08,4541.1,AUD,Partial,,Net 30,2,2,0,2951.715,False,Normal
AP10383,Fast Travel,2025-05-20,2025-06-19,249.48,CAD,Paid,2025-06-19,Net 30,5,1,0,182.1204,False,Normal
AP10384,BluePrints,2023-12-24,2024-01-23,3005.5,EUR,Open,,Net 30,12,6,1,3245.94,False,Normal
AP10385,TechMart,2023-01-04,2023-02-03,1857.96,EUR,Paid,2023-02-03,Net 30,1,2,0,2006.5968000000003,False,Normal
AP10386,TechMart,2024-11-20,2024-12-20,915.02,AUD,Open,,Net 30,11,2,0,594.763,False,Normal
AP10387,BluePrints,2024-07-07,2024-08-06,4101.55,GBP,Open,,Net 30,7,6,1,5126.9375,False,Normal
AP10388,Global Office,2023-12-12,2024-01-11,4184.65,EUR,Partial,,Net 30,12,1,0,4519.422,False,Normal
AP10389,ABC Supplies,2024-04-26,2024-05-26,4769.93,CAD,Open,,Net 30,4,4,0,3482.0489000000002,False,Normal
AP10390,Global Office,2024-04-05,2024-05-05,3082.55,AUD,Partial,,Net 30,4,4,0,2003.6575000000003,False,Normal
AP10391,Fast Travel,2023-11-07,2023-12-07,4720.77,USD,Paid,2023-12-07,Net 30,11,1,0,4720.77,False,Normal
AP10392,Fast Travel,2024-05-24,2024-06-23,4645.08,AUD,Open,,Net 30,5,4,0,3019.302,False,Normal
AP10393,Fast Travel,2024-06-21,2024-07-21,2488.5,USD,Open,,Net 30,6,4,0,2488.5,False,Normal
AP10394,Global Office,2024-01-17,2024-02-16,4687.15,CAD,Partial,,Net 30,1,2,0,3421.6195,False,Normal
AP10395,Global Office,2023-10-28,2023-11-27,3299.79,USD,Open,,Net 30,10,5,1,3299.79,False,Normal
AP10396,Fast Travel,2024-09-06,2024-10-06,1150.11,GBP,Paid,2024-10-06,Net 30,9,4,0,1437.6374999999998,False,Normal
AP10397,Global Office,2024-02-07,2024-03-08,1440.98,CAD,Open,,Net 30,2,2,0,1051.9154,False,Normal
AP10398,ABC Supplies,2023-03-27,2023-04-26,4705.15,AUD,Paid,2023-04-26,Net 30,3,0,0,3058.3475,False,Normal
AP10399,TechMart,2023-06-09,2023-07-09,4226.89,AUD,Paid,2023-07-09,Net 30,6,4,0,2747.4785,False,Normal
AP10400,Global Office,2025-04-29,2025-05-29,4706.16,GBP,Paid,2025-05-29,Net 30,4,1,0,5882.7,True,Anomaly
AP10401,Global Office,2023-08-07,2023-09-06,4149.52,USD,Paid,2023-09-06,Net 30,8,0,0,4149.52,False,Normal
AP10402,Fast Travel,2023-12-26,2024-01-25,1586.89,EUR,Partial,,Net 30,12,1,0,1713.8412000000003,False,Normal
AP10403,BluePrints,2025-04-10,2025-05-10,2473.26,USD,Open,,Net 30,4,3,0,2473.26,False,Normal
AP10404,BluePrints,2024-10-12,2024-11-11,3115.36,GBP,Open,,Net 30,10,5,1,3894.2000000000003,False,Normal
AP10405,Global Office,2025-04-28,2025-05-28,2243.81,AUD,Paid,2025-05-28,Net 30,4,0,0,1458.4765,False,Normal
AP10406,Fast Travel,2025-03-13,2025-04-12,2764.23,GBP,Partial,,Net 30,3,3,0,3455.2875,False,Normal
AP10407,TechMart,2023-12-26,2024-01-25,4219.16,USD,Partial,,Net 30,12,1,0,4219.16,False,Normal
AP10408,Global Office,2024-05-18,2024-06-17,2719.44,CAD,Open,,Net 30,5,5,1,1985.1912,False,Normal
AP10409,TechMart,2024-11-21,2024-12-21,3651.79,CAD,Partial,,Net 30,11,3,0,2665.8067,False,Normal
AP10410,Global Office,2024-03-07,2024-04-06,1247.3,AUD,Paid,2024-04-06,Net 30,3,3,0,810.745,False,Normal
AP10411,TechMart,2024-10-21,2024-11-20,1665.2,AUD,Open,,Net 30,10,0,0,1082.38,False,Normal
AP10412,BluePrints,2025-04-22,2025-05-22,4157.1,GBP,Partial,,Net 30,4,1,0,5196.375,False,Normal
AP10413,Global Office,2023-06-01,2023-07-01,4306.1,CAD,Partial,,Net 30,6,3,0,3143.453,False,Normal
AP10414,ABC Supplies,2024-09-14,2024-10-14,432.27,AUD,Paid,2024-10-14,Net 30,9,5,1,280.9755,False,Normal
AP10415,BluePrints,2023-11-30,2023-12-30,2075.22,AUD,Partial,,Net 30,11,3,0,1348.893,False,Normal
AP10416,Global Office,2023-02-12,2023-03-14,2515.57,GBP,Open,,Net 30,2,6,1,3144.4625,False,Normal
AP10417,Global Office,2023-12-05,2024-01-04,1960.15,USD,Partial,,Net 30,12,1,0,1960.15,False,Normal
AP10418,ABC Supplies,2023-07-24,2023-08-23,3168.02,AUD,Partial,,Net 30,7,0,0,2059.213,False,Normal
AP10419,TechMart,2023-05-31,2023-06-30,576.43,USD,Paid,2023-06-30,Net 30,5,2,0,576.43,False,Normal
AP10420,Global Office,2025-01-13,2025-02-12,460.35,USD,Open,,Net 30,1,0,0,460.35,False,Normal
AP10421,Global Office,2025-02-16,2025-03-18,2305.42,USD,Open,,Net 30,2,6,1,2305.42,False,Normal
AP10422,ABC Supplies,2023-12-16,2024-01-15,2623.62,GBP,Partial,,Net 30,12,5,1,3279.5249999999996,False,Normal
AP10423,Fast Travel,2024-02-20,2024-03-21,1571.77,EUR,Open,,Net 30,2,1,0,1697.5116,False,Normal
AP10424,Fast Travel,2023-05-15,2023-06-14,4241.56,CAD,Open,,Net 30,5,0,0,3096.3388,False,Normal
AP10425,BluePrints,2023-06-09,2023-07-09,3066.36,CAD,Paid,2023-07-09,Net 30,6,4,0,2238.4428000000003,False,Normal
AP10426,ABC Supplies,2024-12-27,2025-01-26,1623.29,AUD,Partial,,Net 30,12,4,0,1055.1385,False,Normal
AP10427,BluePrints,2023-07-08,2023-08-07,4738.84,USD,Partial,,Net 30,7,5,1,4738.84,False,Normal
AP10428,BluePrints,2023-09-10,2023-10-10,2769.92,CAD,Partial,,Net 30,9,6,1,2022.0416,False,Normal
AP10429,BluePrints,2024-12-15,2025-01-14,2883.34,GBP,Open,,Net 30,12,6,1,3604.175,False,Normal
AP10430,ABC Supplies,2024-06-04,2024-07-04,2334.18,AUD,Open,,Net 30,6,1,0,1517.2169999999999,False,Normal
AP10431,TechMart,2023-10-20,2023-11-19,3148.17,USD,Open,,Net 30,10,4,0,3148.17,False,Normal
AP10432,TechMart,2024-10-08,2024-11-07,1378.14,GBP,Paid,2024-11-07,Net 30,10,1,0,1722.6750000000002,False,Normal
AP10433,Global Office,2025-02-11,2025-03-13,275.34,GBP,Open,,Net 30,2,1,0,344.17499999999995,False,Normal
AP10434,BluePrints,2023-03-31,2023-04-30,2274.14,EUR,Partial,,Net 30,3,4,0,2456.0712,False,Normal
AP10435,Global Office,2023-09-12,2023-10-12,800.97,CAD,Paid,2023-10-12,Net 30,9,1,0,584.7081000000001,False,Normal
AP10436,ABC Supplies,2023-02-07,2023-03-09,2595.11,AUD,Open,,Net 30,2,1,0,1686.8215000000002,False,Normal
AP10437,Global Office,2023-10-11,2023-11-10,4967.66,USD,Paid,2023-11-10,Net 30,10,2,0,4967.66,False,Normal
AP10438,BluePrints,2024-03-10,2024-04-09,523.05,EUR,Open,,Net 30,3,6,1,564.894,False,Normal
AP10439,ABC Supplies,2023-05-29,2023-06-28,3485.01,EUR,Paid,2023-06-28,Net 30,5,0,0,3763.8108000000007,False,Normal
AP10440,Fast Travel,2023-02-04,2023-03-06,2251.04,EUR,Paid,2023-03-06,Net 30,2,5,1,2431.1232,False,Normal
AP10441,TechMart,2023-10-11,2023-11-10,3521.51,GBP,Paid,2023-11-10,Net 30,10,2,0,4401.887500000001,False,Normal
AP10442,Fast Travel,2025-04-09,2025-05-09,3808.69,CAD,Open,,Net 30,4,2,0,2780.3437,False,Normal
AP10443,ABC Supplies,2023-05-17,2023-06-16,3920.07,AUD,Paid,2023-06-16,Net 30,5,2,0,2548.0455,False,Normal
AP10444,ABC Supplies,2023-03-22,2023-04-21,4941.76,GBP,Partial,,Net 30,3,2,0,6177.200000000001,True,Anomaly
AP10445,ABC Supplies,2023-11-04,2023-12-04,1079.61,USD,Open,,Net 30,11,5,1,1079.61,False,Normal
AP10446,ABC Supplies,2023-05-26,2023-06-25,4688.33,AUD,Paid,2023-06-25,Net 30,5,4,0,3047.4145,False,Normal
AP10447,ABC Supplies,2023-12-04,2024-01-03,705.05,USD,Partial,,Net 30,12,0,0,705.05,False,Normal
AP10448,Global Office,2023-05-22,2023-06-21,1193.94,CAD,Open,,Net 30,5,0,0,871.5762,False,Normal
AP10449,Global Office,2024-10-06,2024-11-05,232.29,USD,Paid,2024-11-05,Net 30,10,6,1,232.29,False,Normal
AP10450,Fast Travel,2024-01-26,2024-02-25,4202.26,EUR,Partial,,Net 30,1,4,0,4538.4408,False,Normal
AP10451,TechMart,2024-01-24,2024-02-23,3696.33,AUD,Paid,2024-02-23,Net 30,1,2,0,2402.6145,False,Normal
AP10452,Global Office,2024-01-28,2024-02-27,3133.53,USD,Paid,2024-02-27,Net 30,1,6,1,3133.53,False,Normal
AP10453,BluePrints,2024-06-17,2024-07-17,2405.39,USD,Paid,2024-07-17,Net 30,6,0,0,2405.39,False,Normal
AP10454,Global Office,2024-01-11,2024-02-10,1074.85,USD,Partial,,Net 30,1,3,0,1074.85,False,Normal
AP10455,ABC Supplies,2024-12-22,2025-01-21,3359.0,GBP,Open,,Net 30,12,6,1,4198.75,False,Normal
AP10456,TechMart,2025-02-12,2025-03-14,419.58,AUD,Paid,2025-03-14,Net 30,2,2,0,272.727,False,Normal
AP10457,Fast Travel,2024-03-25,2024-04-24,1704.27,CAD,Open,,Net 30,3,0,0,1244.1171,False,Normal
AP10458,ABC Supplies,2024-04-15,2024-05-15,1545.19,GBP,Paid,2024-05-15,Net 30,4,0,0,1931.4875000000002,False,Normal
AP10459,ABC Supplies,2023-09-29,2023-10-29,3414.41,AUD,Partial,,Net 30,9,4,0,2219.3665,False,Normal
AP10460,BluePrints,2025-05-02,2025-06-01,3597.78,USD,Partial,,Net 30,5,4,0,3597.78,False,Normal
AP10461,Fast Travel,2024-11-03,2024-12-03,2642.3,EUR,Open,,Net 30,11,6,1,2853.684,False,Normal
AP10462,Fast Travel,2023-02-26,2023-03-28,4728.07,AUD,Partial,,Net 30,2,6,1,3073.2455,False,Normal
AP10463,TechMart,2024-11-28,2024-12-28,1560.4,CAD,Partial,,Net 30,11,3,0,1139.092,False,Normal
AP10464,Global Office,2024-03-23,2024-04-22,2026.99,GBP,Open,,Net 30,3,5,1,2533.7375,False,Normal
AP10465,BluePrints,2024-10-09,2024-11-08,1142.84,USD,Paid,2024-11-08,Net 30,10,2,0,1142.84,False,Normal
AP10466,Global Office,2024-05-02,2024-06-01,3401.72,GBP,Open,,Net 30,5,3,0,4252.15,False,Normal
AP10467,BluePrints,2023-05-30,2023-06-29,4753.22,GBP,Partial,,Net 30,5,1,0,5941.525000000001,False,Normal
AP10468,BluePrints,2025-05-12,2025-06-11,3640.83,GBP,Partial,,Net 30,5,0,0,4551.0375,False,Normal
AP10469,Fast Travel,2024-03-07,2024-04-06,2662.58,CAD,Partial,,Net 30,3,3,0,1943.6834,False,Normal
AP10470,BluePrints,2024-11-23,2024-12-23,212.92,EUR,Open,,Net 30,11,5,1,229.9536,False,Normal
AP10471,BluePrints,2023-11-24,2023-12-24,980.09,GBP,Paid,2023-12-24,Net 30,11,4,0,1225.1125,False,Normal
AP10472,ABC Supplies,2023-12-02,2024-01-01,1179.88,GBP,Open,,Net 30,12,5,1,1474.8500000000001,False,Normal
AP10473,Fast Travel,2024-02-02,2024-03-03,1750.63,AUD,Open,,Net 30,2,4,0,1137.9095000000002,False,Normal
AP10474,Fast Travel,2024-11-28,2024-12-28,3207.4,AUD,Paid,2024-12-28,Net 30,11,3,0,2084.81,False,Normal
AP10475,Fast Travel,2023-10-30,2023-11-29,2412.71,EUR,Paid,2023-11-29,Net 30,10,0,0,2605.7268000000004,False,Normal
AP10476,TechMart,2023-11-05,2023-12-05,382.4,USD,Partial,,Net 30,11,6,1,382.4,False,Normal
AP10477,ABC Supplies,2023-06-29,2023-07-29,4004.66,CAD,Paid,2023-07-29,Net 30,6,3,0,2923.4017999999996,False,Normal
AP10478,Global Office,2024-02-20,2024-03-21,4777.58,AUD,Open,,Net 30,2,1,0,3105.427,False,Normal
AP10479,Fast Travel,2023-09-16,2023-10-16,1599.7,GBP,Partial,,Net 30,9,5,1,1999.625,False,Normal
AP10480,Fast Travel,2025-02-19,2025-03-21,4973.3,USD,Open,,Net 30,2,2,0,4973.3,False,Normal
AP10481,ABC Supplies,2023-06-22,2023-07-22,717.91,EUR,Open,,Net 30,6,3,0,775.3428,False,Normal
AP10482,Global Office,2025-01-27,2025-02-26,1388.79,GBP,Paid,2025-02-26,Net 30,1,0,0,1735.9875,False,Normal
AP10483,BluePrints,2025-06-15,2025-07-15,669.06,GBP,Paid,2025-07-15,Net 30,6,6,1,836.3249999999999,False,Normal
AP10484,ABC Supplies,2023-09-23,2023-10-23,158.72,AUD,Paid,2023-10-23,Net 30,9,5,1,103.168,False,Normal
AP10485,TechMart,2024-02-24,2024-03-25,502.65,USD,Partial,,Net 30,2,5,1,502.65,False,Normal
AP10486,Global Office,2023-02-14,2023-03-16,2135.01,EUR,Open,,Net 30,2,1,0,2305.8108,False,Normal
AP10487,TechMart,2023-01-11,2023-02-10,386.6,USD,Partial,,Net 30,1,2,0,386.6,False,Normal
AP10488,Global Office,2023-07-24,2023-08-23,3185.2,USD,Open,,Net 30,7,0,0,3185.2,False,Normal
AP10489,Global Office,2024-04-05,2024-05-05,2817.08,CAD,Partial,,Net 30,4,4,0,2056.4683999999997,False,Normal
AP10490,TechMart,2023-03-06,2023-04-05,3897.98,AUD,Paid,2023-04-05,Net 30,3,0,0,2533.687,False,Normal
AP10491,Global Office,2024-12-05,2025-01-04,3623.95,USD,Partial,,Net 30,12,3,0,3623.95,False,Normal
AP10492,ABC Supplies,2024-05-21,2024-06-20,1803.9,USD,Partial,,Net 30,5,1,0,1803.9,False,Normal
AP10493,BluePrints,2023-06-29,2023-07-29,2543.84,USD,Partial,,Net 30,6,3,0,2543.84,False,Normal
AP10494,TechMart,2023-07-21,2023-08-20,292.57,CAD,Open,,Net 30,7,4,0,213.5761,False,Normal
AP10495,ABC Supplies,2024-08-18,2024-09-17,688.61,USD,Paid,2024-09-17,Net 30,8,6,1,688.61,False,Normal
AP10496,Global Office,2023-12-28,2024-01-27,1121.18,USD,Partial,,Net 30,12,3,0,1121.18,False,Normal
AP10497,Fast Travel,2024-04-13,2024-05-13,3953.98,EUR,Partial,,Net 30,4,5,1,4270.298400000001,False,Normal
AP10498,ABC Supplies,2024-02-05,2024-03-06,597.75,USD,Open,,Net 30,2,0,0,597.75,False,Normal
AP10499,BluePrints,2025-01-23,2025-02-22,1752.55,USD,Open,,Net 30,1,3,0,1752.55,False,Normal
AP10500,ABC Supplies,2023-03-13,2023-04-12,3490.73,EUR,Open,,Net 30,3,0,0,3769.9884,False,Normal
AP10501,BluePrints,2024-10-19,2024-11-18,1143.7,AUD,Partial,,Net 30,10,5,1,743.4050000000001,False,Normal
AP10502,TechMart,2024-09-20,2024-10-20,636.6,EUR,Paid,2024-10-20,Net 30,9,4,0,687.528,False,Normal
AP10503,Fast Travel,2025-04-14,2025-05-14,3339.54,EUR,Open,,Net 30,4,0,0,3606.7032000000004,False,Normal
AP10504,BluePrints,2024-12-15,2025-01-14,3555.72,EUR,Partial,,Net 30,12,6,1,3840.1776,False,Normal
AP10505,ABC Supplies,2025-04-30,2025-05-30,2971.5,USD,Open,,Net 30,4,2,0,2971.5,False,Normal
AP10506,BluePrints,2025-05-09,2025-06-08,2945.39,AUD,Paid,2025-06-08,Net 30,5,4,0,1914.5035,False,Normal
AP10507,ABC Supplies,2024-06-29,2024-07-29,4563.8,GBP,Paid,2024-07-29,Net 30,6,5,1,5704.75,False,Normal
AP10508,ABC Supplies,2023-03-17,2023-04-16,3590.5,AUD,Open,,Net 30,3,4,0,2333.8250000000003,False,Normal
AP10509,ABC Supplies,2023-01-22,2023-02-21,1989.22,EUR,Partial,,Net 30,1,6,1,2148.3576000000003,False,Normal
AP10510,BluePrints,2023-01-04,2023-02-03,4650.78,CAD,Open,,Net 30,1,2,0,3395.0694,False,Normal
AP10511,TechMart,2023-07-11,2023-08-10,3071.51,CAD,Partial,,Net 30,7,1,0,2242.2023,False,Normal
AP10512,ABC Supplies,2023-09-27,2023-10-27,4956.11,GBP,Open,,Net 30,9,2,0,6195.1375,True,Anomaly
AP10513,BluePrints,2024-06-03,2024-07-03,2561.35,AUD,Open,,Net 30,6,0,0,1664.8775,False,Normal
AP10514,ABC Supplies,2024-12-11,2025-01-10,3812.86,GBP,Open,,Net 30,12,2,0,4766.075,False,Normal
AP10515,Fast Travel,2023-12-31,2024-01-30,4798.3,CAD,Open,,Net 30,12,6,1,3502.759,False,Normal
AP10516,Fast Travel,2024-09-03,2024-10-03,2626.26,CAD,Open,,Net 30,9,1,0,1917.1698000000001,False,Normal
AP10517,TechMart,2023-09-04,2023-10-04,1667.91,CAD,Open,,Net 30,9,0,0,1217.5743,False,Normal
AP10518,BluePrints,2025-06-17,2025-07-17,556.64,USD,Partial,,Net 30,6,1,0,556.64,False,Normal
AP10519,Global Office,2025-01-14,2025-02-13,2084.02,EUR,Partial,,Net 30,1,1,0,2250.7416000000003,False,Normal
AP10520,TechMart,2024-02-26,2024-03-27,1225.05,GBP,Partial,,Net 30,2,0,0,1531.3125,False,Normal
AP10521,Fast Travel,2023-01-11,2023-02-10,1607.66,AUD,Partial,,Net 30,1,2,0,1044.979,False,Normal
AP10522,BluePrints,2024-06-09,2024-07-09,2772.97,GBP,Paid,2024-07-09,Net 30,6,6,1,3466.2124999999996,False,Normal
AP10523,Global Office,2024-10-31,2024-11-30,1641.38,AUD,Partial,,Net 30,10,3,0,1066.8970000000002,False,Normal
AP10524,ABC Supplies,2024-09-04,2024-10-04,549.14,AUD,Paid,2024-10-04,Net 30,9,2,0,356.94100000000003,False,Normal
AP10525,TechMart,2024-09-23,2024-10-23,3700.73,GBP,Open,,Net 30,9,0,0,4625.9125,False,Normal
AP10526,TechMart,2024-01-24,2024-02-23,1616.2,CAD,Partial,,Net 30,1,2,0,1179.826,False,Normal
AP10527,BluePrints,2025-03-02,2025-04-01,233.75,EUR,Partial,,Net 30,3,6,1,252.45000000000002,False,Normal
AP10528,BluePrints,2024-10-16,2024-11-15,1198.76,AUD,Partial,,Net 30,10,2,0,779.1940000000001,False,Normal
AP10529,TechMart,2025-06-18,2025-07-18,1819.59,GBP,Partial,,Net 30,6,2,0,2274.4874999999997,False,Normal
AP10530,TechMart,2025-02-02,2025-03-04,3747.3,CAD,Paid,2025-03-04,Net 30,2,6,1,2735.529,False,Normal
AP10531,Fast Travel,2023-08-16,2023-09-15,4706.81,EUR,Paid,2023-09-15,Net 30,8,2,0,5083.354800000001,False,Normal
AP10532,Global Office,2025-05-05,2025-06-04,2329.43,CAD,Partial,,Net 30,5,0,0,1700.4839,False,Normal
AP10533,ABC Supplies,2024-08-12,2024-09-11,3499.14,GBP,Partial,,Net 30,8,0,0,4373.925,False,Normal
AP10534,Global Office,2023-08-08,2023-09-07,3732.67,GBP,Paid,2023-09-07,Net 30,8,1,0,4665.8375,False,Normal
AP10535,Global Office,2024-09-07,2024-10-07,365.59,CAD,Open,,Net 30,9,5,1,266.8807,False,Normal
AP10536,TechMart,2024-04-01,2024-05-01,3778.67,EUR,Open,,Net 30,4,0,0,4080.9636000000005,False,Normal
AP10537,ABC Supplies,2024-04-15,2024-05-15,4324.64,EUR,Partial,,Net 30,4,0,0,4670.6112,False,Normal
AP10538,TechMart,2024-07-27,2024-08-26,3648.16,CAD,Paid,2024-08-26,Net 30,7,5,1,2663.1567999999997,False,Normal
AP10539,Fast Travel,2025-03-11,2025-04-10,106.75,AUD,Paid,2025-04-10,Net 30,3,1,0,69.3875,False,Normal
AP10540,Fast Travel,2023-01-21,2023-02-20,2259.02,CAD,Partial,,Net 30,1,5,1,1649.0846,False,Normal
AP10541,Global Office,2023-01-15,2023-02-14,2046.68,CAD,Open,,Net 30,1,6,1,1494.0764,False,Normal
AP10542,Global Office,2025-05-05,2025-06-04,3776.36,GBP,Paid,2025-06-04,Net 30,5,0,0,4720.45,False,Normal
AP10543,Fast Travel,2025-06-07,2025-07-07,2839.95,EUR,Paid,2025-07-07,Net 30,6,5,1,3067.146,False,Normal
AP10544,Fast Travel,2023-07-15,2023-08-14,2261.95,GBP,Open,,Net 30,7,5,1,2827.4375,False,Normal
AP10545,Fast Travel,2025-01-29,2025-02-28,104.02,EUR,Partial,,Net 30,1,2,0,112.3416,False,Normal
AP10546,TechMart,2025-06-10,2025-07-10,3899.93,GBP,Partial,,Net 30,6,1,0,4874.912499999999,False,Normal
AP10547,Global Office,2024-07-03,2024-08-02,276.7,EUR,Open,,Net 30,7,2,0,298.836,False,Normal
AP10548,BluePrints,2023-06-19,2023-07-19,4610.31,USD,Partial,,Net 30,6,0,0,4610.31,False,Normal
AP10549,ABC Supplies,2025-06-04,2025-07-04,1285.13,GBP,Paid,2025-07-04,Net 30,6,2,0,1606.4125000000001,False,Normal
AP10550,TechMart,2023-05-23,2023-06-22,3752.28,GBP,Partial,,Net 30,5,1,0,4690.35,False,Normal
AP10551,Fast Travel,2023-11-04,2023-12-04,3746.16,GBP,Open,,Net 30,11,5,1,4682.7,False,Normal
AP10552,BluePrints,2024-12-18,2025-01-17,4464.9,USD,Paid,2025-01-17,Net 30,12,2,0,4464.9,False,Normal
AP10553,TechMart,2024-06-28,2024-07-28,4957.15,USD,Open,,Net 30,6,4,0,4957.15,False,Normal
AP10554,Global Office,2024-07-30,2024-08-29,129.91,GBP,Open,,Net 30,7,1,0,162.3875,False,Normal
AP10555,Fast Travel,2023-06-03,2023-07-03,4151.46,AUD,Paid,2023-07-03,Net 30,6,5,1,2698.449,False,Normal
AP10556,TechMart,2024-02-23,2024-03-24,4386.0,AUD,Open,,Net 30,2,4,0,2850.9,False,Normal
AP10557,Global Office,2024-06-09,2024-07-09,2792.29,AUD,Paid,2024-07-09,Net 30,6,6,1,1814.9885,False,Normal
AP10558,TechMart,2025-03-22,2025-04-21,2307.9,GBP,Open,,Net 30,3,5,1,2884.875,False,Normal
AP10559,BluePrints,2024-09-02,2024-10-02,1432.07,AUD,Paid,2024-10-02,Net 30,9,0,0,930.8455,False,Normal
AP10560,Global Office,2024-06-29,2024-07-29,2127.41,USD,Open,,Net 30,6,5,1,2127.41,False,Normal
AP10561,ABC Supplies,2024-11-27,2024-12-27,254.96,GBP,Paid,2024-12-27,Net 30,11,2,0,318.7,False,Normal
AP10562,Global Office,2023-08-22,2023-09-21,2704.91,AUD,Open,,Net 30,8,1,0,1758.1915,False,Normal
AP10563,ABC Supplies,2024-05-26,2024-06-25,1222.63,CAD,Paid,2024-06-25,Net 30,5,6,1,892.5199,False,Normal
AP10564,Fast Travel,2023-01-25,2023-02-24,2660.77,USD,Partial,,Net 30,1,2,0,2660.77,False,Normal
AP10565,Global Office,2023-07-13,2023-08-12,1359.0,EUR,Open,,Net 30,7,3,0,1467.72,False,Normal
AP10566,Global Office,2023-09-13,2023-10-13,1597.59,EUR,Paid,2023-10-13,Net 30,9,2,0,1725.3972,False,Normal
AP10567,BluePrints,2023-03-12,2023-04-11,4456.2,CAD,Partial,,Net 30,3,6,1,3253.026,False,Normal
AP10568,TechMart,2024-10-22,2024-11-21,583.61,GBP,Partial,,Net 30,10,1,0,729.5125,False,Normal
AP10569,TechMart,2024-08-07,2024-09-06,3912.65,USD,Partial,,Net 30,8,2,0,3912.65,False,Normal
AP10570,Global Office,2023-05-24,2023-06-23,2835.21,USD,Paid,2023-06-23,Net 30,5,2,0,2835.21,False,Normal
AP10571,Global Office,2024-06-18,2024-07-18,865.54,EUR,Partial,,Net 30,6,1,0,934.7832000000001,False,Normal
AP10572,Global Office,2024-06-12,2024-07-12,3671.15,GBP,Partial,,Net 30,6,2,0,4588.9375,False,Normal
AP10573,ABC Supplies,2025-04-28,2025-05-28,2131.81,USD,Paid,2025-05-28,Net 30,4,0,0,2131.81,False,Normal
AP10574,Fast Travel,2024-11-20,2024-12-20,4512.54,AUD,Partial,,Net 30,11,2,0,2933.1510000000003,False,Normal
AP10575,BluePrints,2024-07-18,2024-08-17,4516.31,USD,Open,,Net 30,7,3,0,4516.31,False,Normal
AP10576,Fast Travel,2024-09-19,2024-10-19,1978.27,USD,Paid,2024-10-19,Net 30,9,3,0,1978.27,False,Normal
AP10577,ABC Supplies,2024-05-05,2024-06-04,1703.15,GBP,Paid,2024-06-04,Net 30,5,6,1,2128.9375,False,Normal
AP10578,BluePrints,2023-12-27,2024-01-26,765.18,USD,Open,,Net 30,12,2,0,765.18,False,Normal
AP10579,Fast Travel,2023-03-07,2023-04-06,4823.61,AUD,Open,,Net 30,3,1,0,3135.3465,False,Normal
AP10580,TechMart,2025-06-05,2025-07-05,929.8,USD,Paid,2025-07-05,Net 30,6,3,0,929.8,False,Normal
AP10581,Global Office,2024-02-27,2024-03-28,4543.11,USD,Paid,2024-03-28,Net 30,2,1,0,4543.11,False,Normal
AP10582,BluePrints,2024-03-03,2024-04-02,3165.91,AUD,Partial,,Net 30,3,6,1,2057.8415,False,Normal
AP10583,TechMart,2025-04-02,2025-05-02,674.53,USD,Partial,,Net 30,4,2,0,674.53,False,Normal
AP10584,BluePrints,2024-02-20,2024-03-21,860.37,EUR,Paid,2024-03-21,Net 30,2,1,0,929.1996,False,Normal
AP10585,BluePrints,2023-01-27,2023-02-26,1506.08,EUR,Partial,,Net 30,1,4,0,1626.5664,False,Normal
AP10586,Global Office,2023-08-25,2023-09-24,1413.73,AUD,Open,,Net 30,8,4,0,918.9245000000001,False,Normal
AP10587,ABC Supplies,2023-10-31,2023-11-30,3386.32,EUR,Paid,2023-11-30,Net 30,10,1,0,3657.2256,False,Normal
AP10588,BluePrints,2024-12-07,2025-01-06,3632.78,USD,Paid,2025-01-06,Net 30,12,5,1,3632.78,False,Normal
AP10589,TechMart,2024-07-01,2024-07-31,994.97,CAD,Paid,2024-07-31,Net 30,7,0,0,726.3281,False,Normal
AP10590,TechMart,2023-12-22,2024-01-21,2164.98,AUD,Paid,2024-01-21,Net 30,12,4,0,1407.237,False,Normal
AP10591,Global Office,2024-08-06,2024-09-05,3042.89,AUD,Paid,2024-09-05,Net 30,8,1,0,1977.8785,False,Normal
AP10592,BluePrints,2023-11-15,2023-12-15,4101.79,AUD,Paid,2023-12-15,Net 30,11,2,0,2666.1635,False,Normal
AP10593,TechMart,2023-09-21,2023-10-21,3506.57,GBP,Paid,2023-10-21,Net 30,9,3,0,4383.212500000001,False,Normal
AP10594,TechMart,2025-05-20,2025-06-19,3352.25,EUR,Partial,,Net 30,5,1,0,3620.4300000000003,False,Normal
AP10595,TechMart,2023-10-21,2023-11-20,940.15,USD,Open,,Net 30,10,5,1,940.15,False,Normal
AP10596,BluePrints,2023-08-24,2023-09-23,3505.16,USD,Open,,Net 30,8,3,0,3505.16,False,Normal
AP10597,Global Office,2024-05-08,2024-06-07,319.55,EUR,Partial,,Net 30,5,2,0,345.11400000000003,False,Normal
AP10598,ABC Supplies,2023-10-24,2023-11-23,1360.57,CAD,Paid,2023-11-23,Net 30,10,1,0,993.2161,False,Normal
AP10599,ABC Supplies,2023-12-17,2024-01-16,2177.67,USD,Paid,2024-01-16,Net 30,12,6,1,2177.67,False,Normal
AP10600,Global Office,2023-03-19,2023-04-18,203.9,CAD,Open,,Net 30,3,6,1,148.847,False,Normal
AP10601,BluePrints,2023-10-28,2023-11-27,868.73,AUD,Paid,2023-11-27,Net 30,10,5,1,564.6745000000001,False,Normal
AP10602,TechMart,2023-06-05,2023-07-05,283.51,AUD,Open,,Net 30,6,0,0,184.2815,False,Normal
AP10603,Fast Travel,2024-11-29,2024-12-29,1373.89,USD,Partial,,Net 30,11,4,0,1373.89,False,Normal
AP10604,BluePrints,2025-05-17,2025-06-16,1032.84,USD,Partial,,Net 30,5,5,1,1032.84,False,Normal
AP10605,ABC Supplies,2024-11-27,2024-12-27,389.67,GBP,Partial,,Net 30,11,2,0,487.08750000000003,False,Normal
AP10606,BluePrints,2023-03-03,2023-04-02,3748.86,EUR,Partial,,Net 30,3,4,0,4048.7688000000003,False,Normal
AP10607,TechMart,2024-12-09,2025-01-08,4546.88,USD,Open,,Net 30,12,0,0,4546.88,False,Normal
AP10608,Global Office,2024-01-08,2024-02-07,3439.51,AUD,Partial,,Net 30,1,0,0,2235.6815,False,Normal
AP10609,TechMart,2023-02-19,2023-03-21,3319.57,GBP,Open,,Net 30,2,6,1,4149.462500000001,False,Normal
AP10610,Global Office,2023-01-03,2023-02-02,3057.93,CAD,Paid,2023-02-02,Net 30,1,1,0,2232.2889,False,Normal
AP10611,ABC Supplies,2024-07-22,2024-08-21,1043.05,AUD,Partial,,Net 30,7,0,0,677.9825,False,Normal
AP10612,Global Office,2024-04-19,2024-05-19,1216.7,GBP,Open,,Net 30,4,4,0,1520.875,False,Normal
AP10613,TechMart,2023-06-08,2023-07-08,1242.77,AUD,Open,,Net 30,6,3,0,807.8005,False,Normal
AP10614,Global Office,2023-01-17,2023-02-16,1253.18,EUR,Open,,Net 30,1,1,0,1353.4344,False,Normal
AP10615,ABC Supplies,2023-12-18,2024-01-17,1423.03,GBP,Open,,Net 30,12,0,0,1778.7875,False,Normal
AP10616,Global Office,2023-01-14,2023-02-13,908.37,EUR,Paid,2023-02-13,Net 30,1,5,1,981.0396000000001,False,Normal
AP10617,BluePrints,2024-11-11,2024-12-11,4103.24,GBP,Open,,Net 30,11,0,0,5129.049999999999,True,Anomaly
AP10618,Global Office,2024-10-26,2024-11-25,2557.84,GBP,Partial,,Net 30,10,5,1,3197.3,False,Normal
AP10619,Fast Travel,2023-01-01,2023-01-31,4192.79,AUD,Partial,,Net 30,1,6,1,2725.3135,False,Normal
AP10620,ABC Supplies,2024-11-09,2024-12-09,2144.72,AUD,Partial,,Net 30,11,5,1,1394.068,False,Normal
AP10621,ABC Supplies,2024-11-08,2024-12-08,669.43,USD,Open,,Net 30,11,4,0,669.43,False,Normal
AP10622,BluePrints,2025-03-01,2025-03-31,2583.87,AUD,Paid,2025-03-31,Net 30,3,5,1,1679.5155,False,Normal
AP10623,Fast Travel,2025-01-26,2025-02-25,2870.13,GBP,Open,,Net 30,1,6,1,3587.6625000000004,False,Normal
AP10624,Global Office,2025-04-01,2025-05-01,308.64,CAD,Open,,Net 30,4,1,0,225.3072,False,Normal
AP10625,Fast Travel,2024-09-07,2024-10-07,754.61,USD,Paid,2024-10-07,Net 30,9,5,1,754.61,False,Normal
AP10626,Global Office,2025-05-22,2025-06-21,1564.86,EUR,Open,,Net 30,5,3,0,1690.0488,False,Normal
AP10627,Fast Travel,2023-01-15,2023-02-14,2205.11,GBP,Partial,,Net 30,1,6,1,2756.3875000000003,False,Normal
AP10628,Global Office,2024-05-09,2024-06-08,562.8,GBP,Partial,,Net 30,5,3,0,703.5,False,Normal
AP10629,BluePrints,2023-03-02,2023-04-01,3911.54,USD,Partial,,Net 30,3,3,0,3911.54,False,Normal
AP10630,TechMart,2025-06-28,2025-07-28,3891.61,CAD,Partial,,Net 30,6,5,1,2840.8753,False,Normal
AP10631,ABC Supplies,2023-02-15,2023-03-17,2302.46,GBP,Open,,Net 30,2,2,0,2878.075,False,Normal
AP10632,Global Office,2024-04-06,2024-05-06,3723.61,USD,Open,,Net 30,4,5,1,3723.61,False,Normal
AP10633,BluePrints,2024-02-26,2024-03-27,2892.87,EUR,Open,,Net 30,2,0,0,3124.2996000000003,False,Normal
AP10634,ABC Supplies,2024-12-24,2025-01-23,2261.74,GBP,Open,,Net 30,12,1,0,2827.1749999999997,False,Normal
AP10635,Global Office,2024-03-10,2024-04-09,3900.62,AUD,Partial,,Net 30,3,6,1,2535.403,False,Normal
AP10636,Global Office,2024-05-07,2024-06-06,4377.2,GBP,Open,,Net 30,5,1,0,5471.5,False,Normal
AP10637,TechMart,2025-01-13,2025-02-12,4656.51,AUD,Paid,2025-02-12,Net 30,1,0,0,3026.7315000000003,False,Normal
AP10638,ABC Supplies,2025-02-16,2025-03-18,4576.11,USD,Open,,Net 30,2,6,1,4576.11,False,Normal
AP10639,Global Office,2025-05-04,2025-06-03,1039.52,EUR,Partial,,Net 30,5,6,1,1122.6816000000001,False,Normal
AP10640,TechMart,2023-09-02,2023-10-02,179.18,GBP,Paid,2023-10-02,Net 30,9,5,1,223.97500000000002,False,Normal
AP10641,ABC Supplies,2023-11-05,2023-12-05,2198.02,AUD,Paid,2023-12-05,Net 30,11,6,1,1428.713,False,Normal
AP10642,Fast Travel,2024-03-11,2024-04-10,3150.23,AUD,Partial,,Net 30,3,0,0,2047.6495,False,Normal
AP10643,Fast Travel,2023-11-06,2023-12-06,4973.37,AUD,Partial,,Net 30,11,0,0,3232.6905,False,Normal
AP10644,ABC Supplies,2025-04-10,2025-05-10,4507.4,CAD,Paid,2025-05-10,Net 30,4,3,0,3290.4019999999996,False,Normal
AP10645,BluePrints,2023-07-18,2023-08-17,2432.37,GBP,Partial,,Net 30,7,1,0,3040.4624999999996,False,Normal
AP10646,Global Office,2023-09-02,2023-10-02,3421.02,AUD,Open,,Net 30,9,5,1,2223.663,False,Normal
AP10647,Global Office,2023-08-08,2023-09-07,223.05,GBP,Paid,2023-09-07,Net 30,8,1,0,278.8125,False,Normal
AP10648,BluePrints,2024-06-12,2024-07-12,599.71,USD,Open,,Net 30,6,2,0,599.71,False,Normal
AP10649,BluePrints,2023-04-13,2023-05-13,4739.08,EUR,Partial,,Net 30,4,3,0,5118.2064,False,Normal
AP10650,ABC Supplies,2024-11-13,2024-12-13,332.35,AUD,Partial,,Net 30,11,2,0,216.02750000000003,False,Normal
AP10651,BluePrints,2024-07-02,2024-08-01,4746.4,USD,Paid,2024-08-01,Net 30,7,1,0,4746.4,False,Normal
AP10652,ABC Supplies,2023-07-06,2023-08-05,4124.6,GBP,Open,,Net 30,7,3,0,5155.75,False,Normal
AP10653,TechMart,2023-06-06,2023-07-06,1630.69,GBP,Paid,2023-07-06,Net 30,6,1,0,2038.3625000000002,False,Normal
AP10654,Global Office,2024-09-14,2024-10-14,4643.99,GBP,Partial,,Net 30,9,5,1,5804.987499999999,False,Normal
AP10655,Fast Travel,2023-09-29,2023-10-29,121.66,CAD,Open,,Net 30,9,4,0,88.81179999999999,False,Normal
AP10656,ABC Supplies,2023-07-04,2023-08-03,2464.24,USD,Partial,,Net 30,7,1,0,2464.24,False,Normal
AP10657,TechMart,2023-12-11,2024-01-10,4354.51,GBP,Partial,,Net 30,12,0,0,5443.137500000001,True,Anomaly
AP10658,TechMart,2023-12-13,2024-01-12,1809.68,USD,Partial,,Net 30,12,2,0,1809.68,False,Normal
AP10659,TechMart,2024-10-23,2024-11-22,4448.67,USD,Open,,Net 30,10,2,0,4448.67,False,Normal
AP10660,Fast Travel,2025-06-02,2025-07-02,3810.59,CAD,Paid,2025-07-02,Net 30,6,0,0,2781.7307,False,Normal
AP10661,TechMart,2024-05-21,2024-06-20,4234.42,AUD,Open,,Net 30,5,1,0,2752.373,False,Normal
AP10662,BluePrints,2024-01-30,2024-02-29,2754.86,GBP,Partial,,Net 30,1,1,0,3443.5750000000003,False,Normal
AP10663,TechMart,2025-02-23,2025-03-25,3198.07,GBP,Partial,,Net 30,2,6,1,3997.5875,False,Normal
AP10664,BluePrints,2023-10-02,2023-11-01,3984.98,EUR,Partial,,Net 30,10,0,0,4303.7784,False,Normal
AP10665,Global Office,2023-06-19,2023-07-19,4810.12,USD,Open,,Net 30,6,0,0,4810.12,False,Normal
AP10666,ABC Supplies,2024-01-20,2024-02-19,4712.91,EUR,Open,,Net 30,1,5,1,5089.9428,False,Normal
AP10667,BluePrints,2025-02-04,2025-03-06,4624.82,AUD,Paid,2025-03-06,Net 30,2,1,0,3006.133,False,Normal
AP10668,TechMart,2024-08-18,2024-09-17,3779.89,CAD,Open,,Net 30,8,6,1,2759.3197,False,Normal
AP10669,Global Office,2023-07-11,2023-08-10,528.43,GBP,Partial,,Net 30,7,1,0,660.5374999999999,False,Normal
AP10670,ABC Supplies,2024-01-14,2024-02-13,3542.71,AUD,Paid,2024-02-13,Net 30,1,6,1,2302.7615,False,Normal
AP10671,ABC Supplies,2025-06-16,2025-07-16,1625.04,GBP,Paid,2025-07-16,Net 30,6,0,0,2031.3,False,Normal
AP10672,Fast Travel,2023-10-14,2023-11-13,3513.91,AUD,Partial,,Net 30,10,5,1,2284.0415,False,Normal
AP10673,TechMart,2023-06-02,2023-07-02,1005.78,GBP,Paid,2023-07-02,Net 30,6,4,0,1257.225,False,Normal
AP10674,TechMart,2025-06-13,2025-07-13,4800.13,AUD,Partial,,Net 30,6,4,0,3120.0845000000004,False,Normal
AP10675,ABC Supplies,2025-04-13,2025-05-13,2790.67,AUD,Partial,,Net 30,4,6,1,1813.9355,False,Normal
AP10676,TechMart,2023-03-03,2023-04-02,3677.45,GBP,Open,,Net 30,3,4,0,4596.8125,False,Normal
AP10677,Fast Travel,2023-01-29,2023-02-28,2795.97,AUD,Partial,,Net 30,1,6,1,1817.3805,False,Normal
AP10678,Fast Travel,2023-08-14,2023-09-13,3609.91,EUR,Open,,Net 30,8,0,0,3898.7028,False,Normal
AP10679,ABC Supplies,2024-06-24,2024-07-24,415.41,CAD,Open,,Net 30,6,0,0,303.2493,False,Normal
AP10680,BluePrints,2024-05-29,2024-06-28,3262.02,EUR,Partial,,Net 30,5,2,0,3522.9816,False,Normal
AP10681,Fast Travel,2024-08-10,2024-09-09,386.52,EUR,Open,,Net 30,8,5,1,417.4416,False,Normal
AP10682,TechMart,2023-08-12,2023-09-11,3339.93,GBP,Partial,,Net 30,8,5,1,4174.912499999999,False,Normal
AP10683,ABC Supplies,2023-05-19,2023-06-18,4195.2,EUR,Partial,,Net 30,5,4,0,4530.816,False,Normal
AP10684,ABC Supplies,2023-05-19,2023-06-18,2911.89,EUR,Open,,Net 30,5,4,0,3144.8412,False,Normal
AP10685,TechMart,2025-03-30,2025-04-29,1595.21,CAD,Open,,Net 30,3,6,1,1164.5033,False,Normal
AP10686,ABC Supplies,2023-04-07,2023-05-07,2246.04,EUR,Open,,Net 30,4,4,0,2425.7232,False,Normal
AP10687,TechMart,2024-01-01,2024-01-31,560.42,EUR,Paid,2024-01-31,Net 30,1,0,0,605.2536,False,Normal
AP10688,Global Office,2023-11-29,2023-12-29,1796.7,EUR,Open,,Net 30,11,2,0,1940.4360000000001,False,Normal
AP10689,Fast Travel,2024-06-01,2024-07-01,1049.54,EUR,Partial,,Net 30,6,5,1,1133.5032,False,Normal
AP10690,ABC Supplies,2023-09-09,2023-10-09,2858.31,EUR,Open,,Net 30,9,5,1,3086.9748,False,Normal
AP10691,ABC Supplies,2023-12-19,2024-01-18,2144.37,CAD,Open,,Net 30,12,1,0,1565.3900999999998,False,Normal
AP10692,Global Office,2025-06-07,2025-07-07,1051.29,EUR,Paid,2025-07-07,Net 30,6,5,1,1135.3932,False,Normal
AP10693,Global Office,2023-03-21,2023-04-20,212.66,USD,Partial,,Net 30,3,1,0,212.66,False,Normal
AP10694,Fast Travel,2023-12-11,2024-01-10,2649.88,EUR,Paid,2024-01-10,Net 30,12,0,0,2861.8704000000002,False,Normal
AP10695,BluePrints,2023-05-28,2023-06-27,2025.22,GBP,Open,,Net 30,5,6,1,2531.525,False,Normal
AP10696,Fast Travel,2025-05-02,2025-06-01,2110.49,GBP,Paid,2025-06-01,Net 30,5,4,0,2638.1124999999997,False,Normal
AP10697,Fast Travel,2024-11-28,2024-12-28,4740.3,CAD,Paid,2024-12-28,Net 30,11,3,0,3460.419,False,Normal
AP10698,TechMart,2024-10-06,2024-11-05,2511.05,CAD,Partial,,Net 30,10,6,1,1833.0665000000001,False,Normal
AP10699,Fast Travel,2024-06-16,2024-07-16,1198.06,USD,Open,,Net 30,6,6,1,1198.06,False,Normal
AP10700,ABC Supplies,2024-12-01,2024-12-31,4648.54,USD,Partial,,Net 30,12,6,1,4648.54,False,Normal
AP10701,Global Office,2024-04-09,2024-05-09,1123.9,USD,Open,,Net 30,4,1,0,1123.9,False,Normal
AP10702,BluePrints,2023-12-11,2024-01-10,137.11,USD,Partial,,Net 30,12,0,0,137.11,True,Anomaly
AP10703,BluePrints,2024-06-02,2024-07-02,1824.99,EUR,Paid,2024-07-02,Net 30,6,6,1,1970.9892000000002,False,Normal
AP10704,Global Office,2023-06-02,2023-07-02,3916.78,GBP,Partial,,Net 30,6,4,0,4895.975,False,Normal
AP10705,ABC Supplies,2023-06-14,2023-07-14,4748.9,AUD,Partial,,Net 30,6,2,0,3086.785,False,Normal
AP10706,TechMart,2025-04-23,2025-05-23,2620.19,EUR,Open,,Net 30,4,2,0,2829.8052000000002,False,Normal
AP10707,Fast Travel,2023-03-05,2023-04-04,3038.06,AUD,Open,,Net 30,3,6,1,1974.739,False,Normal
AP10708,Fast Travel,2023-12-15,2024-01-14,1309.88,EUR,Paid,2024-01-14,Net 30,12,4,0,1414.6704000000002,False,Normal
AP10709,ABC Supplies,2023-04-12,2023-05-12,3542.51,GBP,Paid,2023-05-12,Net 30,4,2,0,4428.137500000001,False,Normal
AP10710,BluePrints,2023-03-01,2023-03-31,1785.99,AUD,Partial,,Net 30,3,2,0,1160.8935000000001,False,Normal
AP10711,Fast Travel,2023-08-20,2023-09-19,2979.86,CAD,Paid,2023-09-19,Net 30,8,6,1,2175.2978,False,Normal
AP10712,Global Office,2023-08-16,2023-09-15,3891.24,GBP,Partial,,Net 30,8,2,0,4864.049999999999,False,Normal
AP10713,Fast Travel,2025-02-10,2025-03-12,4674.42,USD,Paid,2025-03-12,Net 30,2,0,0,4674.42,False,Normal
AP10714,BluePrints,2024-06-21,2024-07-21,2370.71,GBP,Partial,,Net 30,6,4,0,2963.3875,False,Normal
AP10715,BluePrints,2023-08-30,2023-09-29,2872.68,AUD,Partial,,Net 30,8,2,0,1867.242,False,Normal
AP10716,TechMart,2023-11-16,2023-12-16,1865.16,CAD,Partial,,Net 30,11,3,0,1361.5668,False,Normal
AP10717,Fast Travel,2023-03-20,2023-04-19,2554.81,AUD,Paid,2023-04-19,Net 30,3,0,0,1660.6265,False,Normal
AP10718,BluePrints,2024-11-19,2024-12-19,4346.06,GBP,Paid,2024-12-19,Net 30,11,1,0,5432.575000000001,False,Normal
AP10719,BluePrints,2024-02-14,2024-03-15,3898.42,GBP,Paid,2024-03-15,Net 30,2,2,0,4873.025,False,Normal
AP10720,TechMart,2024-07-11,2024-08-10,4765.16,EUR,Open,,Net 30,7,3,0,5146.3728,False,Normal
AP10721,ABC Supplies,2024-07-14,2024-08-13,1994.49,EUR,Open,,Net 30,7,6,1,2154.0492,False,Normal
AP10722,Fast Travel,2023-03-04,2023-04-03,4230.24,GBP,Open,,Net 30,3,5,1,5287.799999999999,False,Normal
AP10723,ABC Supplies,2024-09-21,2024-10-21,1606.15,CAD,Partial,,Net 30,9,5,1,1172.4895000000001,False,Normal
AP10724,Global Office,2024-09-27,2024-10-27,158.24,AUD,Open,,Net 30,9,4,0,102.85600000000001,False,Normal
AP10725,Fast Travel,2023-07-23,2023-08-22,4538.89,CAD,Paid,2023-08-22,Net 30,7,6,1,3313.3897,False,Normal
AP10726,TechMart,2024-11-07,2024-12-07,204.27,EUR,Open,,Net 30,11,3,0,220.61160000000004,False,Normal
AP10727,ABC Supplies,2023-07-20,2023-08-19,3257.13,GBP,Partial,,Net 30,7,3,0,4071.4125000000004,False,Normal
AP10728,BluePrints,2024-10-10,2024-11-09,488.64,AUD,Paid,2024-11-09,Net 30,10,3,0,317.616,False,Normal
AP10729,ABC Supplies,2023-11-09,2023-12-09,2790.33,GBP,Partial,,Net 30,11,3,0,3487.9125,False,Normal
AP10730,BluePrints,2023-09-18,2023-10-18,1246.12,CAD,Partial,,Net 30,9,0,0,909.6675999999999,False,Normal
AP10731,Fast Travel,2024-06-28,2024-07-28,2390.31,USD,Open,,Net 30,6,4,0,2390.31,False,Normal
AP10732,ABC Supplies,2024-01-12,2024-02-11,3697.86,EUR,Partial,,Net 30,1,4,0,3993.6888000000004,False,Normal
AP10733,BluePrints,2025-05-27,2025-06-26,3404.52,GBP,Open,,Net 30,5,1,0,4255.65,False,Normal
AP10734,ABC Supplies,2025-02-21,2025-03-23,3730.17,GBP,Open,,Net 30,2,4,0,4662.7125,False,Normal
AP10735,TechMart,2025-04-25,2025-05-25,199.45,AUD,Partial,,Net 30,4,4,0,129.64249999999998,False,Normal
AP10736,ABC Supplies,2024-12-20,2025-01-19,4466.8,AUD,Open,,Net 30,12,4,0,2903.42,False,Normal
AP10737,Global Office,2025-05-28,2025-06-27,4368.08,GBP,Paid,2025-06-27,Net 30,5,2,0,5460.1,False,Normal
AP10738,BluePrints,2023-12-09,2024-01-08,2910.39,EUR,Paid,2024-01-08,Net 30,12,5,1,3143.2212,False,Normal
AP10739,Fast Travel,2023-03-22,2023-04-21,3087.9,CAD,Paid,2023-04-21,Net 30,3,2,0,2254.167,False,Normal
AP10740,ABC Supplies,2023-09-14,2023-10-14,3956.78,CAD,Paid,2023-10-14,Net 30,9,3,0,2888.4494,False,Normal
AP10741,Fast Travel,2023-10-23,2023-11-22,1173.72,CAD,Paid,2023-11-22,Net 30,10,0,0,856.8156,False,Normal
AP10742,Fast Travel,2024-03-08,2024-04-07,3885.28,GBP,Paid,2024-04-07,Net 30,3,4,0,4856.6,False,Normal
AP10743,Global Office,2023-12-08,2024-01-07,211.34,USD,Open,,Net 30,12,4,0,211.34,False,Normal
AP10744,TechMart,2023-02-26,2023-03-28,1345.89,AUD,Paid,2023-03-28,Net 30,2,6,1,874.8285000000001,False,Normal
AP10745,ABC Supplies,2023-12-23,2024-01-22,4777.73,EUR,Partial,,Net 30,12,5,1,5159.9484,False,Normal
AP10746,BluePrints,2023-09-25,2023-10-25,3137.33,AUD,Open,,Net 30,9,0,0,2039.2645,False,Normal
AP10747,Global Office,2024-07-15,2024-08-14,4831.52,EUR,Partial,,Net 30,7,0,0,5218.0416000000005,False,Normal
AP10748,BluePrints,2024-01-30,2024-02-29,1343.46,CAD,Partial,,Net 30,1,1,0,980.7258,False,Normal
AP10749,BluePrints,2023-03-08,2023-04-07,3815.88,CAD,Partial,,Net 30,3,2,0,2785.5924,False,Normal
AP10750,ABC Supplies,2023-05-08,2023-06-07,3428.98,GBP,Paid,2023-06-07,Net 30,5,0,0,4286.225,False,Normal
AP10751,BluePrints,2024-04-13,2024-05-13,1265.55,GBP,Partial,,Net 30,4,5,1,1581.9375,False,Normal
AP10752,Global Office,2023-12-02,2024-01-01,1377.49,AUD,Paid,2024-01-01,Net 30,12,5,1,895.3685,False,Normal
AP10753,BluePrints,2024-08-31,2024-09-30,2125.3,EUR,Partial,,Net 30,8,5,1,2295.3240000000005,False,Normal
AP10754,Fast Travel,2024-04-26,2024-05-26,2582.08,GBP,Paid,2024-05-26,Net 30,4,4,0,3227.6,False,Normal
AP10755,TechMart,2025-02-19,2025-03-21,1722.33,GBP,Paid,2025-03-21,Net 30,2,2,0,2152.9125,False,Normal
AP10756,TechMart,2024-11-17,2024-12-17,4374.09,EUR,Partial,,Net 30,11,6,1,4724.0172,False,Normal
AP10757,BluePrints,2023-08-24,2023-09-23,3289.59,CAD,Open,,Net 30,8,3,0,2401.4007,False,Normal
AP10758,ABC Supplies,2024-01-10,2024-02-09,2204.28,USD,Paid,2024-02-09,Net 30,1,2,0,2204.28,False,Normal
AP10759,ABC Supplies,2024-02-18,2024-03-19,3457.45,GBP,Open,,Net 30,2,6,1,4321.8125,False,Normal
AP10760,TechMart,2023-05-08,2023-06-07,2571.9,USD,Paid,2023-06-07,Net 30,5,0,0,2571.9,False,Normal
AP10761,BluePrints,2024-11-22,2024-12-22,2573.94,EUR,Paid,2024-12-22,Net 30,11,4,0,2779.8552000000004,False,Normal
AP10762,BluePrints,2025-01-22,2025-02-21,3760.26,USD,Open,,Net 30,1,2,0,3760.26,False,Normal
AP10763,TechMart,2024-04-03,2024-05-03,645.44,USD,Paid,2024-05-03,Net 30,4,2,0,645.44,False,Normal
AP10764,TechMart,2023-08-10,2023-09-09,948.66,GBP,Paid,2023-09-09,Net 30,8,3,0,1185.825,False,Normal
AP10765,TechMart,2023-05-24,2023-06-23,4936.8,AUD,Paid,2023-06-23,Net 30,5,2,0,3208.92,False,Normal
AP10766,ABC Supplies,2023-03-03,2023-04-02,4286.67,USD,Paid,2023-04-02,Net 30,3,4,0,4286.67,False,Normal
AP10767,Fast Travel,2023-12-03,2024-01-02,4346.29,GBP,Partial,,Net 30,12,6,1,5432.8625,True,Anomaly
AP10768,Fast Travel,2025-01-02,2025-02-01,2978.71,GBP,Partial,,Net 30,1,3,0,3723.3875,False,Normal
AP10769,ABC Supplies,2025-04-05,2025-05-05,3489.97,CAD,Open,,Net 30,4,5,1,2547.6780999999996,False,Normal
AP10770,Global Office,2024-12-22,2025-01-21,290.9,EUR,Open,,Net 30,12,6,1,314.17199999999997,True,Anomaly
AP10771,TechMart,2025-03-09,2025-04-08,2592.92,GBP,Partial,,Net 30,3,6,1,3241.15,False,Normal
AP10772,ABC Supplies,2024-08-01,2024-08-31,4904.86,CAD,Open,,Net 30,8,3,0,3580.5478,False,Normal
AP10773,ABC Supplies,2025-03-22,2025-04-21,2807.72,GBP,Partial,,Net 30,3,5,1,3509.6499999999996,False,Normal
AP10774,Global Office,2025-02-28,2025-03-30,3910.59,EUR,Open,,Net 30,2,4,0,4223.4372,False,Normal
AP10775,Global Office,2023-06-06,2023-07-06,1583.9,EUR,Partial,,Net 30,6,1,0,1710.6120000000003,False,Normal
AP10776,BluePrints,2025-03-07,2025-04-06,734.99,GBP,Partial,,Net 30,3,4,0,918.7375,False,Normal
AP10777,ABC Supplies,2024-01-24,2024-02-23,2547.78,AUD,Open,,Net 30,1,2,0,1656.0570000000002,False,Normal
AP10778,ABC Supplies,2024-11-12,2024-12-12,4777.64,AUD,Partial,,Net 30,11,1,0,3105.4660000000003,False,Normal
AP10779,Fast Travel,2023-11-01,2023-12-01,791.99,GBP,Paid,2023-12-01,Net 30,11,2,0,989.9875,False,Normal
AP10780,ABC Supplies,2024-08-29,2024-09-28,4963.01,USD,Partial,,Net 30,8,3,0,4963.01,False,Normal
AP10781,BluePrints,2023-07-19,2023-08-18,4539.28,GBP,Paid,2023-08-18,Net 30,7,2,0,5674.099999999999,False,Normal
AP10782,Fast Travel,2024-11-19,2024-12-19,3114.85,EUR,Partial,,Net 30,11,1,0,3364.038,False,Normal
AP10783,Global Office,2025-04-21,2025-05-21,3340.58,AUD,Paid,2025-05-21,Net 30,4,0,0,2171.377,False,Normal
AP10784,ABC Supplies,2025-04-07,2025-05-07,4187.3,AUD,Paid,2025-05-07,Net 30,4,0,0,2721.7450000000003,False,Normal
AP10785,Fast Travel,2023-11-19,2023-12-19,4020.64,CAD,Paid,2023-12-19,Net 30,11,6,1,2935.0672,False,Normal
AP10786,TechMart,2025-01-30,2025-03-01,755.89,GBP,Partial,,Net 30,1,3,0,944.8625,False,Normal
AP10787,ABC Supplies,2023-07-08,2023-08-07,1670.28,CAD,Paid,2023-08-07,Net 30,7,5,1,1219.3044,False,Normal
AP10788,BluePrints,2024-09-16,2024-10-16,4064.87,EUR,Partial,,Net 30,9,0,0,4390.0596000000005,False,Normal
AP10789,Fast Travel,2023-02-18,2023-03-20,4071.09,USD,Partial,,Net 30,2,5,1,4071.09,False,Normal
AP10790,BluePrints,2025-01-25,2025-02-24,311.52,GBP,Open,,Net 30,1,5,1,389.4,False,Normal
AP10791,Fast Travel,2024-06-24,2024-07-24,4351.8,AUD,Paid,2024-07-24,Net 30,6,0,0,2828.67,False,Normal
AP10792,BluePrints,2024-03-03,2024-04-02,3524.51,GBP,Open,,Net 30,3,6,1,4405.637500000001,False,Normal
AP10793,BluePrints,2023-02-21,2023-03-23,2999.23,AUD,Paid,2023-03-23,Net 30,2,1,0,1949.4995000000001,False,Normal
AP10794,Fast Travel,2024-09-08,2024-10-08,754.06,EUR,Partial,,Net 30,9,6,1,814.3848,False,Normal
AP10795,Fast Travel,2023-02-04,2023-03-06,4250.7,AUD,Paid,2023-03-06,Net 30,2,5,1,2762.955,False,Normal
AP10796,BluePrints,2024-04-02,2024-05-02,613.6,GBP,Open,,Net 30,4,1,0,767.0,False,Normal
AP10797,Global Office,2025-03-16,2025-04-15,1012.88,EUR,Partial,,Net 30,3,6,1,1093.9104,False,Normal
AP10798,ABC Supplies,2025-06-19,2025-07-19,290.27,GBP,Partial,,Net 30,6,3,0,362.8375,False,Normal
AP10799,Global Office,2024-12-22,2025-01-21,4608.55,AUD,Partial,,Net 30,12,6,1,2995.5575000000003,False,Normal
